cookie_id,score
ck_315fb710a0e371e7,0.00019498597605901953
ck_a76ee3b3e3e522fd,0.034598085391678815
ck_94c9a4d382689e82,0.044995346682172005
ck_8eaf9509ad9462a0,0.0001736002024367471
ck_9a88a5a989cb5bc6,0.22437048791915742
ck_15239ef0689c1a35,0.005166356068345992
ck_8de69cd219d3b87f,0.9822201454110131
ck_f92cd37022b0ce21,0.004014239259296976
ck_1a3ff7620580a514,0.004318321808487651
ck_397c03aa33a57310,0.03961530285383376
ck_a7cf6c3b322f6b7a,0.00552082235437588
ck_c39a9e75760e3201,0.0010543575281291941
ck_88ab6d245228c38e,6.54802064041248e-05
ck_17733f75ebdea93e,0.0015387941195504691
ck_58eb871e8d7bed52,0.03105818708041353
ck_e55b7fa67db1ec27,0.0002039799062562533
ck_62f5cfe22c952694,0.00775803337347956
ck_7fbb709a0fe95759,0.00031067414490283234
ck_87abe9cd066a20fb,0.005910109900005178
ck_d58e058b5c553dd5,0.003082631481990426
ck_d27b872648b71202,0.00034280822894712396
ck_4b4a3c5b95c55b43,7.796626915840052e-05
ck_66dd4f4b4127256d,0.00037891072232055676
ck_93cc12703b500613,0.008814801364011277
ck_d28806a2179092eb,0.9956908363412413
ck_0595c2a0c7881e05,0.007707375829752767
ck_50087d8666191144,0.8027450792965476
ck_b08b3f089138c901,0.008714244707536433
ck_fe3b67041dad2dd1,0.00026401426740802527
ck_8449a28f7d475d93,0.013809102654727545
ck_8642e3b6d84f49d3,0.0017394898183469621
ck_e49b5e4f2f2e79db,0.13940036663658775
ck_437afe412ea4259c,0.023781657407001937
ck_569b83668d74042d,0.9652068460441401
ck_233a487d31c3e631,0.9941590582726217
ck_1fca72e03143a645,0.970111625900938
ck_79205e31223df2ad,0.010635828095698218
ck_9625a64406ea16e3,0.0011152728818567131
ck_079bd18dacb704a8,0.027629815525975276
ck_4db6d4fd2b49aa81,0.0030564741565513196
ck_0dbefdac0a1868fb,0.0005113713328511703
ck_24ff97ad90bdd69a,0.0035396493094783086
ck_77f8c5042065d506,0.004116770609036066
ck_f11be8ce05382cec,0.0037705783283898515
ck_c9d72140b0389216,0.0017234010228742796
ck_69eda24e931fb36a,0.00022483227656427233
ck_ed471e496916ee15,0.0006459091493593793
ck_ff090498c4b17ac3,0.0010508207854989463
ck_c3c19d6a0720915c,0.00010697991704730004
ck_af02e1817cfa40b5,0.024034197733795178
ck_2df5a9fc87553eb1,0.002923878387985772
ck_4ac918e884cff336,0.004168126184287099
ck_ca149244b54ef3ad,2.279760922979213e-05
ck_6babe5b8674ff51f,0.0004131986199756539
ck_1573878386886290,0.004276275190814938
ck_3925f8565abb7fe4,0.0109757427850227
ck_c4de808ae69c771f,0.00035807700810628734
ck_a777c813551281fe,0.0021645475772937447
ck_df4424f6dd85080d,0.06267080438718009
ck_85e5494ec20383ae,0.054919587067786456
ck_f71a4094e889c3af,0.0004918349813585233
ck_f2f3cf9cd23b2809,0.004907756903747033
ck_18e2076397bcc211,0.014246785297366301
ck_c9f9fddef39bc664,0.008812249437347729
ck_7e826e233d6ea028,0.004439760664448666
ck_62fd7eb46bee9210,0.006049981028897223
ck_206f8e3cd72768f3,0.02679997613971652
ck_aa295a11b0a6ab36,0.004001274044932178
ck_9a56739d81f84a53,0.0006460646454380685
ck_aa075c418ed9fe5a,0.004593657227288884
ck_62b9fb3db284941b,0.001343272929464663
ck_f4f83b1403ebea46,0.022435531865239375
ck_16b66bd803288bc3,0.8463718500292259
ck_c4ca1434f3778f1d,0.9994261117581595
ck_1b823610371a29c0,0.0015458532310477272
ck_c2bd5a722aa637d9,0.000845049477271808
ck_7890208951df34f0,0.00779374796841462
ck_020eb0e454524ecd,0.002312787936991865
ck_3b66196ccf436c35,0.007334556010025542
ck_109fc467ec0a4af5,0.01229538568741617
ck_f3dcd818db92de7b,0.0057764427041728655
ck_31e7742f160980ef,0.007417327945945337
ck_77fce5f86f00b8f4,0.2165334698080957
ck_46bc797b4d07d607,0.000428665918433323
ck_37899b1b571b1c6b,0.005473831935103665
ck_ef8a6af43fedd464,0.0005167044438267697
ck_bcc8519fe8521038,0.01135612426483882
ck_90696b7182dd9129,0.009162432943012023
ck_4a24ad61d017e1ba,0.004332744547223851
ck_0acc3d8c67218b9d,0.0011043227676258431
ck_05c97fc9de11aba6,0.7357199795036014
ck_f8ac3a0500c0ec62,0.0034481932322642933
ck_617b65141f546a1c,0.0016339773088265071
ck_9d00823bf60388d7,0.0037071386499203897
ck_123c15d93f1840f2,0.04882958460692734
ck_573feefba6bf78bb,0.058388922731140214
ck_b25657bd16739036,0.006500927024216693
ck_bd26d2bef14a8597,0.0034862328271470294
ck_a553418f2fba1440,0.005315361537683108
ck_89f3e380b0686963,0.006008457073662717
ck_b359192aa659bdce,0.0010047722787817613
ck_02241f3dc301bebf,0.006630361157775611
ck_5ccc1a1c78cb33ee,0.02224733667471309
ck_349cc5edda1b8853,0.004943745540701239
ck_e9f228845bf6e28b,0.03671964214808959
ck_0a45d033d4e280ea,0.0125401309841775
ck_7e63168dda612235,0.0068384717451169
ck_676fa5f6aae5475b,0.0007356892547974783
ck_74b502b20690ccfe,0.0006384565476131619
ck_073509af21dd7f5f,0.8924588449279671
ck_498a0acd450944d8,0.0005349687266517681
ck_7f15b50b29dead01,0.005413287440674359
ck_8089fe7403c5f537,0.0014879516429522521
ck_05b2b04e11d9ae9c,0.004804809090591338
ck_31e70f2f04b48b88,9.807428245688724e-05
ck_994316fa5a02b319,0.0009358620191415812
ck_b76510998b9a2260,0.002318150436141226
ck_4db95c310e105d30,0.0003528593620100928
ck_6f730b77dc6cdb84,0.0014764761705219572
ck_2493ee8e7b91d304,0.01079214381510711
ck_92d679d6ac7dcdcb,0.026740355601642084
ck_3a0e0200cbb185cb,0.00591290183427949
ck_0b2eeb4e00ff7955,0.002821706167383182
ck_9843d0e61c37ebe8,0.9947098641525143
ck_e61c8721e3ef1921,0.0017717890944205818
ck_2e0eedaaf2980c2c,0.0013028314623496078
ck_9036b2e5e9298a34,0.0010483353688228209
ck_3265442528d51728,0.34441677231446954
ck_f2ddae2eb1cb29b4,0.0024625331262255064
ck_6cfa71d27fc27f92,0.02900797075299713
ck_f3199fbe84a28b9a,0.0024759440562000957
ck_b78d785ca3ef773a,0.0047549648172868315
ck_374865697f1480eb,0.01212884532416666
ck_06d0e4a9189302a9,0.035687082290370105
ck_9c9884b9bcaa552e,0.06404066243163753
ck_fd4cf578e87703ff,0.013872082327383406
ck_1917ef3e6e345549,0.03769628830629827
ck_e70418b00cbbbac9,0.04027969675286397
ck_a60388296a47062c,0.017200996356705228
ck_d598fe8d2c779ab9,0.0038490478976161784
ck_646dc03de4c31803,0.8429300756056503
ck_e4fd8cbd842b6993,0.0007221723774873173
ck_2225b555aa2a42ed,0.012939983828350054
ck_6be8ae9d78148882,0.0013748661605240114
ck_4199342d3aca74e8,0.015142540275605484
ck_779581adb573261f,0.04507131255352194
ck_bb303568b6915205,0.07936274609656821
ck_17c4296276448afe,0.003929257773265668
ck_a60a61ac829252a0,0.00032218834107836504
ck_6ea70950c1cae00b,0.6958564571660061
ck_1abb93f6924645e1,0.006524014413322754
ck_faab769cce19879a,0.0074435164541820755
ck_d5b8e74e7ca6355a,0.014147134467183945
ck_f11f7691af16ad07,0.0005080932891759415
ck_188fdf2be7c92e9d,0.9996608312811706
ck_4a103f8254b366f7,0.001920639795443678
ck_bfa17a0b1760e616,0.0005862936835430209
ck_a4d7f6a5869d440a,0.8620107793804876
ck_58e20f5a3e7f11b8,0.233730746630367
ck_4becdd3d2696c7ba,0.0014071181572133105
ck_dad5cf32ab9f243f,0.001249058847925774
ck_7d9f73dc7c4f90c3,0.1269605296279164
ck_c19371047a2d011d,0.000565560256657343
ck_247589ff532f7aa8,0.002237326622216738
ck_7a9f241d5f082567,0.0013779571346716735
ck_0a2b7078736b4dda,0.0007287580141141471
ck_687b412e2aac7eb6,0.01931431587335697
ck_fce0b6855886a0b8,0.0037836704761104504
ck_e291cc60920456d0,0.9002937230489925
ck_04219a7ea798db51,0.02097587993592656
ck_286bfd719836e9f3,0.08180690734125037
ck_55efc92394fee232,0.008389552432642004
ck_e36c8da1bd359960,0.005826634648555148
ck_34b0988a97d96902,0.0027677562864487264
ck_e0fb11fc9dcb34e6,0.0025106389263310535
ck_bcc9cbc9ed8b7c31,0.0029618852262779803
ck_3df8da6f60a89a5b,0.003514950930101176
ck_b1495ee5c59a6b28,0.006055653871284925
ck_58f4c3ac61fda129,0.012810394223952446
ck_735f244b99e3aa8d,0.00145310408038412
ck_6b93bd8abf87b1d6,0.9989036935748661
ck_12107dacc6d05bd1,0.00042739870447764674
ck_f96db2a1f3448d1f,0.0013331935791856594
ck_8fd91a3c99e19097,0.8720515449107781
ck_910205d25388a0ae,0.0003463962928442488
ck_d229dfa0e4442628,0.0002578327024031108
ck_7cdec61e1c488798,0.4987751292927505
ck_f66f06e24ff32671,0.014461797069335921
ck_350bf14e90b503f5,0.003640813340695283
ck_61fff5fdaadd394b,0.003119970237053682
ck_e934f984bad2ff91,0.9716320203973628
ck_ff6a6d3547dd2d37,0.04134460754370011
ck_65ad9b15979e3247,0.0011625486561206992
ck_bbe1a2ea5a403ad8,0.494166799537743
ck_6f3a28eecd2c4031,0.00349422531552143
ck_a89b66665714058f,0.007010696922496844
ck_918c92182b6817cd,0.03798818634429298
ck_64f5eb4be9e7b8fa,0.9539392168860166
ck_d021fd497ea35fb2,0.013734647719827053
ck_004de16f7d8a42ae,0.004629719832546357
ck_a33d2325f86ab12d,0.008213169607559075
ck_89790ff26c844bc6,0.004836725372567662
ck_e6e7257377c37b28,0.015034822917798363
ck_a2cc3910a641a808,0.5151706587184496
ck_646e270e0195bf05,0.005355458950837786
ck_baba5d66def0d770,0.06614010087024136
ck_67cdcdda3033842d,0.07788698199389918
ck_b5c3075c811a2216,0.004249004720790814
ck_515379973a8044b8,0.002904885548311209
ck_c0ce85fb4109567d,0.03821226349604146
ck_fef850553862aaca,0.0019921239606926896
ck_55d7217b0aff9fa2,0.0024710676264741915
ck_8e139f8925ef7968,0.003631796577921664
ck_9e35b908fca1e4d7,0.0009091244871815863
ck_59735f4ab2ad3da5,0.0031572344829872076
ck_dc569c1167ccec0d,0.9616679727782163
ck_1dade5592f90a15c,0.0031062005806287703
ck_793048d11fb8b328,0.08259571665473674
ck_545b71eb4fa594b5,0.0002733942206963605
ck_bd30853e9a57b544,0.0052581608879836055
ck_59f46321ecf6d306,0.005387340868962052
ck_260cfe9141d249f1,0.14704922439780352
ck_3365a0ad1a8aa83c,0.001632009086657129
ck_b0ef193195a2138b,0.0006923077313396312
ck_0f909705e2e60f2f,0.0014040414992078326
ck_5a540b75c866166a,0.003465496775156353
ck_87c26b2f41025109,0.9987854376275038
ck_27acc9f320cda104,0.021948814432252894
ck_a27bc31eecd9cb9a,0.0044958296813309845
ck_115d86fabde77b65,8.294573248552638e-05
ck_eeca179341d56f8a,0.9585681942876434
ck_8e5999c436cf037e,0.000158975327193809
ck_510e7c5df1f95d90,0.9998391963137696
ck_f1acf73363925958,0.016542830583485855
ck_3c177f5970b68bd3,0.002698780179052032
ck_9cdfaa1c30cc9d32,0.00037673735456552633
ck_c8efa1538b37c359,0.0029245176424498617
ck_a8a2e296f9804bd7,0.0028108056393113096
ck_91a0ca45f429568d,0.006918228422615191
ck_5fdf8a0bdbd3ed62,0.004464415122447789
ck_0f4e2ec66d50da5f,0.000734833641347346
ck_28c53b214b2ee882,0.07250136732889553
ck_003148504557f720,0.021551720059665026
ck_01d840cffb870615,0.3947311699757556
ck_555848d51f4b5f35,0.003903345212246545
ck_df20cc23b8fb8e22,0.002908720669384004
ck_f9604adde929beff,0.00044478248890609243
ck_d66952b03591bdec,0.0026936566349722328
ck_ddcac1ab765ff61a,0.007356709097350594
ck_347386629d96c664,0.003468899425402699
ck_ab01db9117acfe3d,0.0016222508519577786
ck_58e5359efc52e0ad,0.0016802221728218069
ck_1a524b5cc8da71b3,0.03494909157529805
ck_e9287b6d909d731f,0.0005505865255359654
ck_bb41a66e3d90263b,0.08345316235831769
ck_e95c8cc1864bd584,0.0001642231107581043
ck_7a3f2961e9a8b6dc,0.005007203484154772
ck_378a9df82b1e0bee,0.07129700241195967
ck_42633573639a3f02,0.9993126712192127
ck_2a5a4c18c2c7274b,0.003371417656262301
ck_77549c1a41f837c3,0.0049134196939219325
ck_a26704b5b26258b7,0.0023967312689329246
ck_9874ad160efddf50,0.006936608493466964
ck_9111e3a04b14dfba,0.01629367967731876
ck_651e076ee43aea85,0.0006728061017003892
ck_391639c0f13932f3,0.00019281421799544133
ck_02dbabda93c8c13d,0.009950254316296663
ck_0adcb1fffcb0a34b,0.009561029913840436
ck_7a43ef9c7b1c67b5,0.000521047871030336
ck_4b9dd69946438d0b,0.004830910520483656
ck_90bf017cdd37b66e,0.016245936674336846
ck_61c74163eb36556e,0.0031502011081813467
ck_13376c59b5bd6943,0.00045909248054157536
ck_62337eccb1672737,0.0013790355463992913
ck_16077934338472bf,0.00034813168771009314
ck_0d4dfd93086e7330,0.001239550168080391
ck_3865b7525b910893,0.012507943013540492
ck_7e2ae8b69ebd5675,0.0015379930880088293
ck_b4384b6c11766ce7,0.004685341592227091
ck_3d7fa32dfb9fc692,0.019249000252372944
ck_f4a6a7cadd6e0603,0.06597027603283726
ck_212525e2828a6c45,0.002501112796727983
ck_33ad8d53394ba77a,0.8896754570346946
ck_a5051eafe8b51224,0.0037072331328711753
ck_f65e5ff7da565f91,0.0004433918679564981
ck_5c37f7563fa7591d,0.003750450468636868
ck_f1e0a006068aff29,0.008558991384272331
ck_c646cdead6fb79d0,0.003979819970217357
ck_f8b3cdffef535330,0.02727520432548892
ck_e5cdbe3aa12c97f6,0.003368989410678273
ck_986e4e61440506d0,0.8395390293285188
ck_6da9c5912e15d9a8,0.002439825764158669
ck_51d842e6dae74c71,0.0014208080889720912
ck_5fc65c24e0736d5d,0.9916817682688672
ck_babb95a76c69509d,0.004210539045273952
ck_86a2d852a9715432,0.019377167408572527
ck_db4083a0d043def8,0.034212264002281896
ck_96953b8945b7d403,0.001310107373921023
ck_7831ca5c31fb3859,0.03634229825571152
ck_60ac5e5f375daa38,0.0031959236652595183
ck_05d44eb1f5f085ce,0.0025951649983501335
ck_432cc19c7eeaa46e,0.007741878568896274
ck_7fc513033af061af,0.001777012016246245
ck_ada6ede84c111719,0.0006036075137542887
ck_6343e0d3b1c2962b,0.003318302526828636
ck_010264ae04f2e902,0.061710497520837945
ck_e9dcf535f8c289eb,0.016617171295504635
ck_37143d9cc296e6fa,0.006167055519994349
ck_61fa051192f3e810,0.01307834207717748
ck_f9f93d1d41be1468,0.8334695035322488
ck_c4f4f28457be8a74,0.00013773396663766365
ck_323a71f9452d21cb,0.9069879311628432
ck_170f4688e0acd875,0.04218035798314287
ck_869b1878d09d230d,0.0568059410736164
ck_2f6b33bf46976229,4.924713625836655e-05
ck_b11e22e75d9b99de,0.00010955895488699778
ck_123d75ffb75b606d,0.0021404850519478394
ck_94295287a04c85d2,0.8959108407381059
ck_1b0434f096795328,0.0004248781872375846
ck_0a4e191cd0a57ce1,0.0006943276239342644
ck_d2fbd0df99634676,0.002480884650614032
ck_d51df5e9fbbbcc94,0.04145294547096319
ck_2d3d7d64a6f443f8,0.004269008599340205
ck_731943c682c9394e,0.022344296972342408
ck_5ccc0c94e5e1f849,0.0024572686967836697
ck_c3476080516db25d,0.0030096214559170342
ck_5010ffb1c94187b5,0.0005269292902175451
ck_7ef666d67bc70223,0.004452364698775395
ck_c1b493527224a27a,0.00028519451014821816
ck_5d1e25d7acc5af9a,0.0033003095472711624
ck_ec30b61cbf517db8,0.0005192216146717077
ck_79323eb5d2e5efae,0.0010728762769209878
ck_4085cd3bf2661518,0.006023606123137431
ck_2ca91214c357c072,0.06618093169627919
ck_7f3132d6be389657,0.017616678390983333
ck_e7a6b925c8f39a85,0.004775103526656497
ck_c886adec7bac250a,0.008120160144453652
ck_c3f360c2d0ea0a37,0.004828951066129421
ck_a7acd5b015823793,0.0029118356697811565
ck_9d64187c0800f84e,0.007481700530758866
ck_5d4ed73b9efd7d11,0.0054977132878230245
ck_874eca6776b34dec,0.000499583063313281
ck_96a9221a87be93c3,0.037697097405474375
ck_68dd79a51eabf5e6,0.015161178843034537
ck_8311cb6755b2016c,0.0008195939030796152
ck_16fc77b2bcf5ec03,0.9985022230298218
ck_ad9e2088a33c8c72,2.199689101817646e-05
ck_7176bbc97b1e42a1,0.0006661873128314216
ck_80dfa54b30f65fff,0.9443754036313097
ck_31c54d540b128843,0.0015560724698800749
ck_43ea894480567274,0.016803808234500117
ck_9c9e8a38bd5a6c88,0.008553977079568679
ck_1c2dcae19539e148,0.006729326535113346
ck_b0fa8b84e94d8ae0,0.0023820732192046507
ck_4ceb43ccd0a81c2f,0.002723671164610197
ck_ba845332b730b596,0.0003045027805780401
ck_73d3e8c6077f61e6,0.025357961324680073
ck_b5d0d223ef56473f,0.009437313522691592
ck_949f08f8e80e93ea,0.0003723230359679034
ck_73de0b49709e5f8c,0.0021605418121472203
ck_b5935e9722a39819,0.019583602543723173
ck_96247fee0eb44420,0.004266585629324834
ck_a6def1e4b2d57e0d,0.003913389002641149
ck_aecdc5a96321a2d8,0.011452795268537309
ck_bc61c59970f8de49,0.004089566970567398
ck_c43b4175fc9ac5bd,0.9855654205009907
ck_8ff7a9b23a55fd62,0.0007620029293693162
ck_20c99b645f462449,0.0017857993206653825
ck_a5ce2ae36fb410d9,0.00031126517985767646
ck_96fb9bf556842bbc,0.004393825573796448
ck_b5e4c6dbbed1b773,0.0034477861310611225
ck_2085433978e72ea9,0.0316277027176741
ck_2c6b174b063ec637,0.001040374831786266
ck_b20b81b88dabe28d,0.001065571633864225
ck_243c18dbf150831c,0.0008579136400971562
ck_2bb6a17e8eee35cc,0.009547524373920637
ck_66147fb994495396,0.04257534164206586
ck_73f124f075ede0fc,0.0020003958644609276
ck_2e315f1b1e533dab,0.004999652248964359
ck_16c7bf94ed3e7a6f,0.00020990153005310394
ck_4a0eae220a762ac5,0.0075790859056801135
ck_dc16f939c2f44ad8,0.036608430275032716
ck_817926b449754917,0.0030857711519501506
ck_0c0dde42ab64ef87,0.025126241494679742
ck_cb3a40594da6a2ee,0.006876717818711434
ck_d0dc156441fcfdcb,0.011068491107917708
ck_66f0945add423e9e,0.012564244611368361
ck_a74f6a3030f5d495,0.012620407367890113
ck_1ae460f331e49ae2,0.015072382233951121
ck_2d177b2f4f0b40c9,0.04073848213610147
ck_92e474e4368c4791,0.016619137208321567
ck_3dee83fa2d109484,0.00021328340790250136
ck_80e5ea27848069fe,0.0010189526734889552
ck_ed0c4a83701ca230,0.005065582506875105
ck_0b8b7c5c581fd161,6.728134455658276e-05
ck_60bf8a2870956fb1,0.002835526822712943
ck_73a54b56a2bf35fe,0.7983132712451355
ck_2296d7a563424883,0.001962041187561288
ck_bc19c383560c7477,0.005698551192793768
ck_861d8e3d88f1079e,0.05052589208900547
ck_3f090fc96c24eb28,0.0005889013409396478
ck_9a6a1f8102febfca,0.0037171845389162607
ck_541b6ad5d2fa5a39,0.0026432945784305543
ck_a760d38d1bc4de97,0.0009906056173492462
ck_7dca4d7ee10b4eeb,0.000771617044073994
ck_15220e78d1545e40,0.006311246056556206
ck_ca24bb0de508efb0,0.002453182952599337
ck_56b389627d8f02c5,0.9960363332418506
ck_48a6754977a44db0,0.0024881509800381593
ck_333a43ec339a04cb,0.016541537607086453
ck_f22aacaf86a65d7e,0.02231351292778086
ck_04bd8a1ffaf3ffd8,0.0005283985645157489
ck_2737a72de6b700f3,0.04607199889462479
ck_c35e03b0dd0c3454,0.0022040496320546387
ck_e0571312f395cd94,0.0015558844376383696
ck_09fab6b9825001b2,0.0021406591620678006
ck_18c3a095606209e8,0.009667123551244427
ck_2a97db9377d01e36,0.0023891556261333166
ck_f29dbbfdd2786bd1,0.003597566191014491
ck_35d6c510ad29362e,0.9728240650534593
ck_5468fa99c945d785,0.0036875723255277936
ck_6f8102f62c876cc9,0.02272667963653404
ck_91955aab3424ad16,0.0032529944621668277
ck_9a43c0c73a39d759,0.003798854873228262
ck_60b023af6d1e30bf,0.882830720757449
ck_9704c5cf8659cedc,0.007507011279709837
ck_7e5f02b51b9f78bf,0.007427201600852927
ck_7d3a88d1aa649708,0.7774186659817203
ck_8250eddc1ecb07a0,0.03446049777722035
ck_d979ef95ee44023d,0.013196457421853163
ck_5e5461dac83531ac,0.0009585329161879153
ck_d1bb8890081e0a31,0.014040282929660006
ck_32246c62640648d9,0.0002336164344389487
ck_77a40c7d2f862a32,0.014179010813620909
ck_1c8b94efe9238f5b,0.0002750142336856601
ck_eaf3b6d11bc3cb11,0.0003433083966201945
ck_a4a7ef3ad799c380,0.0015179318956756904
ck_d5bd8f68da073cd8,0.0009903579270888932
ck_6e6258227fc8db7f,0.00043888026412445104
ck_c35d444e05799db6,0.025137766541954633
ck_74665e1209140ae8,0.005763928660618256
ck_353a272478f7e903,0.008756141247589801
ck_a2c9796ea229a4e2,0.0012600264248993245
ck_e0171f91cb3411fe,0.0021677172559295002
ck_703499f5410280f7,0.000140334786997589
ck_ae3a763997f8f385,0.0302131327416946
ck_f7ff94c3df5ac874,0.0031880473073676954
ck_f3c16d8f747db046,0.006223934464798506
ck_7ef019ed77276496,0.0003900928609315333
ck_d6a4faadab58a3de,0.0016634919083706409
ck_ba7b78d31d74c794,0.0061858591034090644
ck_36287d063350ce9d,0.000857056037266438
ck_5177fc7137ff26ce,0.00038392528443156356
ck_dfd4e79aaa967b63,0.004892335624328828
ck_fb44d15fb93a7157,0.010574588493574053
ck_fca478361870a4ca,0.0027001263208074203
ck_e57b94fe57341058,0.00437552053365247
ck_5448c946cc4758fe,0.002366598616713264
ck_c5ece5ffb8800ad4,0.01797679470956256
ck_11cb98211b2ed134,0.7975124551581794
ck_f655399ac75c4450,0.0048913886056330316
ck_c817259019588d30,0.0016579785537181758
ck_8740a14d8096c6e1,0.0058843274022509105
ck_0c5ba86f4e05b38d,0.013198644199189724
ck_ccc917533d4b73d4,0.007704189997013821
ck_9eb80edfa43203de,0.002506510839126147
ck_d1a1cf4cf61d6801,0.015246409317995566
ck_b17c239f160e6017,0.006081403738545653
ck_410c3e13b48e0415,0.00030660796475886896
ck_ab553954435e8854,0.9090936926956671
ck_bdbb4230c91e1604,0.01466187088305918
ck_8fd4937eadd64fb6,0.001167329708992456
ck_e0e90b196bef3c11,0.00043341980395057163
ck_3dc4d464386f0eb2,0.12654674726393503
ck_51bbbf8f8e8ad005,0.9995818672324639
ck_c05737ab74cf03c6,0.4414043116200828
ck_dceabbe04d99afc2,0.0006164693023222344
ck_5b86fd14e85bc9c7,0.9778907709727003
ck_d4febf0083800424,0.06420450409778905
ck_77d9f86dcf251739,0.0038139174495221634
ck_b4dcebc543deaafb,0.002177514169739528
ck_cb856e75c949b0cc,0.00014841257183411636
ck_61b067de8ffc1ca1,0.005064337846971736
ck_c0e8560ccfd9dd9d,0.0002848978793018896
ck_173e1198c341087b,0.001755608099068095
ck_b4d55bc809000276,0.0019296253302366947
ck_839bf139296b5cea,0.09095863412625375
ck_78cd402a2a4f2e35,0.000991862398679802
ck_c2925c50ebacbdba,0.00040550637383972185
ck_5e3bc76eddbdb0a6,0.0004295674220010512
ck_b7793edca26fc512,0.006847409461543727
ck_d79bdf04d6f31cd5,0.0014916623850157172
ck_4b97d19ed946f503,0.004921788674704548
ck_37139b41c5370523,0.01950485899996614
ck_8c346eeefa9ce692,0.0024406909050363494
ck_2ab7eddee2d8c49e,0.0005525481866630563
ck_29da59ea3bffb9d8,0.05206838756397915
ck_c1d05ef0ec6e4be7,0.0019388012748208206
ck_3882423b449f6291,0.9694307212953
ck_5647030283171ed5,0.9533005702598955
ck_efbdcd9c181e72ca,0.0012782024448914685
ck_192fdad892782daf,0.021930500467667025
ck_0bf2e13b9f2601ac,0.023762929981185454
ck_3d6046a533057795,0.0009104258041807978
ck_279a1d3a3836e5cc,0.000720151663810938
ck_c375e929becde422,0.002220987031717781
ck_a59e90219939a1f0,0.0008133035382130998
ck_4e9fba1ec54c3ff8,0.005395549537938799
ck_bcbd8588a13f5eef,4.753402975744005e-05
ck_5f9a7ff990341bdd,0.0008727888961207648
ck_e0403d507519b7d2,0.0021289178096560732
ck_c9490cb61aff5112,0.06607411613892256
ck_41dd44308e6a665a,0.21778109554452194
ck_76c23726cd7ca947,0.007390513164115239
ck_9be551300209fa83,0.8257799480565824
ck_a98848eec6c9581e,0.01294299602321342
ck_61176dafb33b2d8a,0.6960007813141533
ck_92de019e05971ce3,0.0008329942026280897
ck_5d644224135d7c65,0.0022299442735932147
ck_c767fc454fa215d0,0.0018874524419315746
ck_5df85a8924e11f27,0.014822056205228636
ck_da2729307af06ed5,0.034611994152201606
ck_7c6b577174af7a78,0.0036189230328850562
ck_893b8afbe11301e1,0.00031177000589174955
ck_e06f6fed020ae014,0.0020187246542466356
ck_386680372fb54857,0.000806936675640473
ck_7a7f3c4fe0c9d2ca,0.013515325837830095
ck_f908b527c4db422d,0.038419219713929156
ck_ec2eee6a133e9a6f,0.019565083520778726
ck_d98934f9fe0b02b3,0.0003045391988949986
ck_398a1ed77b0130e5,0.004829747033767262
ck_d960af7a55b892b1,0.004293351442479864
ck_4637e54a9f79e2e7,0.00028061874286777516
ck_02b9f418524f6650,0.006066830659724163
ck_d4b23804cebb045d,0.0034703367929083753
ck_35b1939c48182a9a,0.01941994951829956
ck_2dcbb71e39d64305,0.004910733885334527
ck_47a884dec960ff2d,0.005632203520606512
ck_71fd8c346fde5cca,0.034998724005139634
ck_98e1992ac8e7d2de,0.02081434162485312
ck_ae7780327e210522,0.009036129656448285
ck_e6c584b4b1ad6d9d,0.003805069628839023
ck_344b2e326a6c3dcc,0.0016712529338520576
ck_9aa899a5230b0963,0.01034485325488474
ck_e48d14d5b70ef5aa,0.004875458516055998
ck_59d380a0973b3951,0.0054002837203445935
ck_11318f7c041a5ba9,0.001730483498069898
ck_7061786fe2f22f5a,0.00270602089733859
ck_e77529651c416cf7,0.010285062455362738
ck_7f79878197340435,0.0032916785357182538
ck_b0a0fb0ee9ebf106,0.0034120844245835473
ck_70c7679199776a90,0.0029166926197848513
ck_b9facd2210daca5c,0.0689666562722484
ck_9949f53c155b8dde,0.0017589270682583594
ck_1c607e24f2c4397a,0.01911197735431347
ck_aefd1ce3ce093cbd,4.043289889940311e-05
ck_5a29b7018e43280c,0.00029456257437710637
ck_69eb0b2ccfbe5f95,0.0028555701806388324
ck_fe037765aa465c58,0.007000000263210293
ck_5e512ef5362a3dd6,0.0025227319991359045
ck_544a9e80b7fdc279,0.0004266151152352971
ck_7825494e654d5695,0.004148365278848415
ck_f1f2c3c623553f0d,0.00023956161273735592
ck_52730906e5b461eb,0.8801791392094446
ck_01e0689157fe9617,0.7506279065675535
ck_9da82e567074da9d,0.002554056976077412
ck_6a17384072f904c0,0.016261016943798216
ck_8d84d771a21942a7,0.000208825841018507
ck_39638880292782a7,0.0024017598684545932
ck_7d51c86e0eec72ac,0.005016722452806662
ck_45f4c821c70d134f,0.15148481717074647
ck_0af3c13ba56ce57c,0.0002688482095888534
ck_0789a05e061b2784,0.2076668118975938
ck_6ba091eb42ffa9fb,0.013150992240759574
ck_265accb3c5c32620,0.022532185431240567
ck_179039559ff7566c,0.004243902950985522
ck_17c0a6a92b5765cf,0.005307529398249068
ck_59371c9140239fd7,0.005411643066719558
ck_f9c4f8b4ce2691f0,0.005935513854648298
ck_a2637e4872cf4811,0.04485125773982689
ck_1de43fd6c6c22a5f,0.031038845850774877
ck_6e4f31bd108571f0,0.0006210009669194959
ck_da06d97db0b18851,0.0008239200741061885
ck_e0346d5081e640e8,0.007350700721546764
ck_c1c7d4e62c9fcded,0.013718404483658608
ck_2595669e421299f6,0.00694802921028783
ck_3b6057d51fd4c7d6,0.000816560313136923
ck_c5f8ab515840a0fe,0.004053694621983479
ck_435cb24538c6f77c,0.007540478509759663
ck_d84b5403da4cea7b,0.005683500039788991
ck_c2b61a98d1c8f6dd,0.9230835807226022
ck_c9dcd92b2f836b61,0.028268941879034403
ck_9eb5b3f5f672c2b1,0.0001423328656609157
ck_e4cf189a8d31649a,0.0006752638108200881
ck_6b114f2a48152b96,0.001177945263227004
ck_3fb95862b70f505c,0.08233885952129097
ck_7f780f465c29398e,0.0030270387155718345
ck_ee387f9da79e67ea,0.013835693064795146
ck_fa3b1e85d27af2ee,0.06293776506571133
ck_e739eaaa7a1822f2,0.0021919181828088464
ck_dfa0ac11fcb1dabd,0.0006141097606353872
ck_6e8751b571ea54d1,0.006742526793811786
ck_2d695f8358383092,0.016588135745470817
ck_e7dce27edb700f27,0.004068012299850309
ck_e322da8b213eab52,0.0003030001532015365
ck_d0b32e039abb8200,0.0016637797939140022
ck_b354003302b272ca,0.0031870644925134006
ck_f7485cba392bc294,0.91050808737253
ck_d6a290ff8362c7b9,0.14780689635607444
ck_c56a44fe315c0389,0.0016263627223552137
ck_f77dfe6512eae322,0.006152987179113952
ck_35fe969c58b9e70b,0.10373778939464857
ck_4c518637db2322d5,0.5789657539615535
ck_cb61902798ecc4fd,0.007814261991053204
ck_56e6cfa32156a916,0.0006898560664734994
ck_343e6ed2b9d35c01,0.0035427088659479183
ck_51440f64f7250ad7,0.01010238096649024
ck_295bca29c34cfe2e,0.00028147305944426615
ck_dd30558576b45e7b,0.0053418592705039725
ck_3a30132a57181fe3,0.02138919703277171
ck_4a733aeb833406f4,0.00040188652454390403
ck_1b0b7c3d35ab1259,0.0189998704336745
ck_962c3bbf27cd4b80,0.024342109383504618
ck_9528e1d6b1707870,0.008315603276930773
ck_b3263e7f31aab45f,0.0072874795308100395
ck_e69195a3c885053d,0.0006839686541390744
ck_a907fa8795cd4baf,0.0004191425024942309
ck_205c3405045bd835,0.0020211408092061984
ck_e81fc223bed3c46a,0.00896322287737231
ck_363751deae40edfb,0.04117467826097835
ck_6176baea8cbebbb6,0.0012533031858348066
ck_633e6579f5c74a5c,0.9929998018700923
ck_ddc11fc481eef58d,0.0077758039944727155
ck_e975002c979e12c7,0.07487179291643214
ck_8e039b23acaaac00,0.021942104196706676
ck_1d6990d94a4d2ad6,0.001501337512826702
ck_e7b583acaa3171a2,0.03324636543713231
ck_c0133f60d39b2fb5,0.008700944051097833
ck_7d6bff85e7a694bc,0.0005376147455844825
ck_d305b4d82f63f647,0.0008974923498077627
ck_22bd0fc71f95e048,0.015257690575710381
ck_9a65fcfc7916f93f,0.0008261340684407252
ck_d61c837b0106085a,0.10468764517380806
ck_be86a1db08dea456,0.00752054600804705
ck_90489c405e6886d8,0.0007278995909142833
ck_0add2c321d579d75,0.014938199612322248
ck_482dea6eed92cbbc,0.000941049438080555
ck_c24b47184534cc2c,0.9765669803825556
ck_fa04ac31e596e7d6,0.0059163690694725496
ck_084322dc5a3a86f0,0.0038801355416185164
ck_ccb72a33cc1877b7,0.00963095293701743
ck_afaf374009d3b248,0.006089317435877251
ck_b53084ffede19a8e,0.0009983419342648612
ck_4760216154c8cac2,0.8814616413338217
ck_37ad3a65db673e70,0.0013033390232961046
ck_0c2932cc0d553694,0.003909863023186659
ck_86b853c52f20fef5,0.0010452181752890497
ck_38703b7546d35a80,0.005170148505698647
ck_218b7e6e6dbd2da0,0.0009575010847229753
ck_402db4184982fdf5,0.004205515896559467
ck_f917c82af80e4a79,0.00660559911734491
ck_3c6417a233c68c73,0.003448754295435002
ck_98068c397d70dd3a,0.019644188055082775
ck_b1cbd6679c0f8d95,0.001850759498110987
ck_9e962f9bb0e7bac2,0.004233891713502388
ck_b08247c3ad567d92,0.9710065712241887
ck_3ef7a03ebb81cfe3,0.00021226821276648113
ck_5d7ae0e3562e99bf,0.037592847785475704
ck_c91a628236baf91b,0.024571140875047658
ck_7f8e816ca51755e3,0.995976355994479
ck_5aadd286d188f5c3,0.0009966894658972258
ck_a037aff5f8128c73,0.0008678086371125434
ck_5df6529ce8290906,0.002604435529758138
ck_5f3609511443e5a8,0.0006096880422973186
ck_a6f61864fac3c8fb,0.002291099946386684
ck_2733fc6ba23ae46e,0.0035414954341241476
ck_22bfb9246646eb41,0.9210711865867761
ck_bfc2a57d8fd1610c,0.7686246860121171
ck_49839e761d0e74e9,0.0014280262103201317
ck_aa4ba931dd37481d,0.000561632656306603
ck_2f9fa0d61829f815,0.005485082647191562
ck_5b82c774df10d49b,5.231431247887017e-05
ck_411219470d0a195c,0.010343436606136514
ck_d07485ba10514a2d,0.09443976867144692
ck_219bef979ee21bdf,0.0002937795432011153
ck_eb1006e7285184a6,0.02327006008472199
ck_fd242b18575e3063,0.012636368480945192
ck_95188150ff059c70,0.0037892868254269982
ck_a9ca2f447b984a6a,0.004029685701866504
ck_2dd39723c4088b64,0.06545172159248769
ck_aa2b4c662ff213b6,0.012479149826550132
ck_1867b1199c864db5,0.008376229278393313
ck_850ec97a5a0dab9a,0.032062235216777035
ck_562320295fa35875,0.000990626645657237
ck_bab5759b07fe2bea,0.0004442004529789636
ck_b9f1465d803e57b2,0.028762443813768978
ck_8f21f2690c32c691,0.08173664337545183
ck_df87d6f61a63eb21,0.0014653178511007262
ck_770475876d0e7e6a,0.008384511166999297
ck_b4c014d5c0cc9eb2,0.0063608128059073855
ck_3add4d23124c9290,0.001855993416726415
ck_bce5b7fecfb6264d,0.01605196658585638
ck_604c17cb97dc89be,0.03524273635665272
ck_e52cbcd9aafd26b2,0.0022046819510364553
ck_0ac9114076f5bf3d,0.00825186006954742
ck_dcc125b178b79566,0.0001520171009769524
ck_4e333c09f0c37dee,0.0026622240226755814
ck_ff7e31ff8ba731e5,0.003405352426315531
ck_8d0532d24f1070d1,0.00047806843708262227
ck_3689fa41748a6f6b,0.0287842535285542
ck_7509eb97c1948b16,0.0007375463559850821
ck_a9161cf1ca22a6bf,0.004013569897481612
ck_bed3e3db135b782e,0.01092438777227161
ck_9040edd974ef8e3f,0.41550039189890564
ck_fac32d76ed40f683,0.0013975790122658315
ck_3d7b1078e2d57c69,0.00026883636389326144
ck_dae09c4e074af5dd,0.00821520871321912
ck_fd84507228467b40,0.02417751743748505
ck_e2a2ce9b8cf44c63,0.019135344152087466
ck_cbe716f351d660d4,0.0009497855785930813
ck_cba4162ef29a6d27,0.003393240919415156
ck_4f1e962ff8a29732,0.0009468892024445338
ck_39a81899dded61e4,0.002883476250076061
ck_25382331551d22a5,0.02077671854991127
ck_6d64e1c07b19856e,0.000366176586041643
ck_165a868bdef28ad3,0.012714789568415288
ck_88774ae52e30e877,0.005607121122541516
ck_fc7a9d0643570053,0.00037507968491597436
ck_c2017120b3b88a46,0.014084799451071921
ck_d115ac6b9fd62a7e,0.0012976614988376074
ck_439cf7d51ec7de0f,0.0025447019887074518
ck_2468a7e9e68a0927,0.002425875698002264
ck_7c418947124dee8f,0.023705303773534775
ck_fb0cf32c4a56f740,0.004109829332736151
ck_694eb6c43193afd4,0.0004620666734764723
ck_993beb188dd4abb6,0.002935081819896607
ck_77fa39d3b733c226,0.43996066084861035
ck_49969a9abc47cb69,0.0045091077061642235
ck_d3f44bbe2f7e9b2d,0.0007852424025716287
ck_fcf5b8216d0c18ef,0.0013015072600961694
ck_daefe1e2d2bc362d,0.0009753868881434202
ck_9c9287cb28950eb6,0.001494925173608773
ck_c1d1a625b885a975,0.009567500625880455
ck_71b37fe47490b4ba,0.002254186775953136
ck_5d16e257c0635f7e,0.9245624090645569
ck_15918075563eb074,0.0012617671971144597
ck_9a15fdefc47e8d11,0.001861966177470242
ck_6f04d047d1dde75e,0.0002783880640524321
ck_1af2c0b3b8d202c1,0.0019239533709004698
ck_174be2231c5fd2b6,0.000271774332034712
ck_bb0713a2a1d65982,0.004128993147738727
ck_0daec63bd5b0729d,0.008178565369994093
ck_c0b5cc3e8ad2ff44,0.004812640552720666
ck_35bee1fc12664644,0.1435437818364374
ck_a1c7cf63467df4c2,0.0007168536241013375
ck_ecb1e15f0b185ceb,0.004368610198279787
ck_f280d31f54a4710a,0.029745597177435294
ck_30f4b2ee8abe1342,0.007594559474173932
ck_66bed631354de5b7,0.005509017356004163
ck_c2d3ecd7278eba2c,0.00042087980271349017
ck_e901dec0e09eccbb,0.004139506063915972
ck_5d038ecb3c8748a3,0.0009568717482604745
ck_283c5bea94b21e80,0.0015864061344647515
ck_7956c251b85f009e,0.8411382086172651
ck_9f5f81d771146aa1,0.0002543058063585182
ck_9323e6fc1e168eda,0.9465244833744624
ck_10495d3a635b8d69,0.02472574406023063
ck_1982d571cd36eb0c,0.006412425853384673
ck_4f5d7985bcc2eda4,0.0008125741155688516
ck_7df526b2b4410bb4,0.03226966412388235
ck_dbb498b1a346a402,0.0003158141115023054
ck_ef059997563e3330,0.002438642013699655
ck_02ec4e06709e6b82,0.00041241825829113827
ck_9782c86ba6485f88,0.0002469666669922583
ck_d69de468b44143ca,0.0012539673165421698
ck_6430a8792f400e0a,0.0002605851748406512
ck_8285bd3c90af94f6,0.006753404555091644
ck_985c9ca112000e9a,0.006441767786924674
ck_e679fbf4f4f4aa07,0.005117577639999153
ck_016e8c8eaf9d511b,0.01224141041998254
ck_bc996c523944644b,0.009670731164682828
ck_5b8315726f6204e0,0.006656661914114218
ck_78181f8e998e442f,0.00015696904472728147
ck_71c68dfd011dbbbe,0.912121953372709
ck_db32c95ce2b6f502,0.9788609704953621
ck_755010362a9b1bc4,0.005987438944941527
ck_114141d85256c9ff,0.00018399606500432236
ck_9d1a5cf5a3b87e48,0.001786944699972984
ck_ab640420858ab5c4,0.05137929391034979
ck_97a8dac48dd62488,0.13120698235757605
ck_879cc3166fe1bada,0.00023101959948956647
ck_b0ed11080076e381,0.0007014190196857754
ck_7334a9ec656263b2,0.0012002924296024503
ck_6494f0ef13ce44d9,0.0026103392333592245
ck_724e459b9ece38f4,0.014292292579351584
ck_7fd8b1470401695f,0.1167022833693461
ck_292f81186358b0fa,0.002495187812654338
ck_fa7de64d37287615,0.02981222924173027
ck_d00e09e66ed6458b,0.009072733894681675
ck_b8d210e741be186e,0.0005809661464362352
ck_3db59982cbae4410,0.0015355047235308876
ck_69887d0a9aaca6df,0.000382746392414286
ck_4feb21e2fb0b3977,0.0015003748746099462
ck_08c6cc1e143475e3,0.0009632014207038365
ck_fe6e168cdbb46b9a,0.09003812533252642
ck_07f1734be7fac56a,0.023218522888242082
ck_d66d59981307db93,0.011067493643798951
ck_f928dba0d587d7c1,0.0005077532731752341
ck_786448fe3004cbd0,0.0013227734015681981
ck_29ea329fa40ace62,0.006523325927169832
ck_7ea52b6f27edcb73,0.009741760291250855
ck_18bc51bbf3ef198e,0.01360736848456345
ck_44950df09ff14ded,0.00020929421339882897
ck_c1466b52c0a10b93,0.0034015144960402844
ck_6cdac067cc4db5c5,0.11574945638719054
ck_53f55c6e8cf2d432,0.0003821803065869626
ck_95945f48453ca532,0.009781121028339074
ck_87cce4126e215153,0.0005624583500718246
ck_1ecd5516c92caa4f,0.00023792787300339012
ck_819b482bca14c068,0.9162302670071621
ck_a61a879dd46fc9f2,0.0021067787783938074
ck_af70aa32c009c3c9,0.004020468551709485
ck_f4fe78e249092ab1,0.005952265623098922
ck_12c46bc52bf45b36,0.00832089728612237
ck_f05f5e4b40afa52f,0.05382713574597884
ck_0f8cb09d3f4fc980,0.04648158795488224
ck_80a64a7f0275a71d,0.0007409225990128861
ck_683af7b1540a0b22,0.0071390444792592215
ck_51fe0b613c076cbe,0.004150034701824485
ck_da1a2450219dcf19,0.007357343735240406
ck_2a7eba01ceba6c2c,0.03342543147964942
ck_4e329e29dfa743ea,0.21230474715221268
ck_0274d881d6db82c8,0.0007397704801901529
ck_0af5b7d128035b35,0.00067234782345179
ck_ae0a7be6b0a0ea68,0.0027830047249800464
ck_de5bb7a4d091386d,0.0233046715700443
ck_2bb7c17168a9d17d,0.001956805615893869
ck_0ffdff7b2f5fdfe4,0.002868089026720663
ck_718a8390b3d42d7d,0.012041900892009015
ck_7c4f12d70f184533,0.0003679588034251865
ck_d3e2c26b8adff099,0.012535787024853997
ck_ac9d3d9754104cf0,0.000900659318210714
ck_3b1766a1d51f8f0e,0.8962331139030141
ck_a9bf75bea912027b,0.00787744961876842
ck_687eab3ffe1f8cfa,0.002189530209842776
ck_25dd0b02af5b2f37,0.06517115026448206
ck_1747fcc466f0ae38,0.000134605644144037
ck_f6e9d14dfb6f3c28,0.014506559759194348
ck_c6a7bbd0adc4d5f3,0.0208383762865196
ck_46656a23f4456d22,0.9427252346792493
ck_7519260415c2998e,0.007321654106120533
ck_754f30ea19df857c,0.02744640361818068
ck_ba88a244d5f7380f,0.0007211988915804184
ck_f268416945316815,0.0075878676149661265
ck_21860dd2159dff28,0.00045637805829057166
ck_7a86ef4e2beaec38,0.00015371650239899836
ck_0414507baeea936a,0.007267575037920781
ck_60796eb60fc3043e,0.0005509322578562995
ck_1e0841ed17fe0562,0.0018338038130084199
ck_0d641d32658d6e0f,0.00033922749946495794
ck_b36086ae6d87eec1,0.001768568231470681
ck_962e65ab33b5c311,0.9776328135852479
ck_b046a42684468e63,0.00404986221283401
ck_ab3426435b0017d6,0.013301442080797584
ck_fcfe06e44d09a344,0.003812083335416887
ck_0f6d916c92189516,0.007202387083104592
ck_d4c8f0d957c3965d,0.018905632117327577
ck_2ca83dbd728af019,0.00019733762329138217
ck_2857a4ce9f72fbfa,5.09681822745093e-05
ck_a60e6edc48e3d0ac,0.07721128836496952
ck_0cbd3b27063d4415,0.014612129511205902
ck_612089ec90c37219,0.002613743491500717
ck_ec4e597f17f473c6,0.0022822243471170792
ck_1c93cc58f314bf71,0.013145278686263372
ck_2b359a979520276e,0.0005967125621004214
ck_1496568ddc3b2d56,0.13638388983913163
ck_41d91dc9f5063566,0.02522911936959914
ck_4c5ff58afe3d7a67,0.0013324814558630098
ck_81709736281fa3eb,0.0006255565633603716
ck_d89abbab3d4957aa,0.0033886099787496884
ck_52453401f88935da,0.01487527446773628
ck_a477654d34783e06,0.0022706493820878236
ck_72dd0dbdf808cb00,0.007789159640638395
ck_c183dff3781746cb,0.03508987255644652
ck_c8b7f241810b45e5,0.00019483115714546777
ck_f88028c3f306bc70,0.008032907015338082
ck_91d48d69e4f5d9c2,0.0005474933515020799
ck_b74b9ba6d7c9aab7,0.025199743377278094
ck_03e904682dc73bba,0.0032141114248505067
ck_fc6fed6ea96a004a,0.0014490490134012146
ck_51efdd240e34c642,0.030345213756392403
ck_e78ab4ff52b5fd2d,0.0018412197508268409
ck_4af7b97c24d89a45,0.04041980478936232
ck_295c0072eca7f7a2,0.002134627517469444
ck_8abd1a50a9227463,0.017123051279316882
ck_ecaa6f13304e3dc5,0.001035468896035779
ck_de436e7b319be1fa,0.9994883575542591
ck_c802cf8f61466027,0.0010435228661788477
ck_3d83e0a3c1cfbf8b,0.001986398940569477
ck_28d2003c2d16e4b6,0.0006145120934365402
ck_8ddaf745bbb9cd62,0.00033281093819882945
ck_493b6256091014cd,0.9316319200435916
ck_a2245822cfea997d,0.0014836116604731828
ck_f7305b3c64cf8a03,0.02661026976291169
ck_9937dad93a0ed3c1,0.0010423746301154997
ck_d654449f9231ad76,0.0023242927188513035
ck_850e2b59bc535490,0.025506111296003907
ck_e55e5bdfc0242aef,0.020312819077600356
ck_d35c51e981b98c5c,0.0012263580543323464
ck_27cdf9c5e6f0915b,0.007498466646038121
ck_d328db1e1052d820,0.005694272263102956
ck_0ea30eff5f361cba,0.0014277327877600717
ck_9994323f97109f4b,0.9974117451720119
ck_09054e97bdf9624e,0.0007048008044382127
ck_723b4afc388113c8,0.0008348207035410486
ck_588f6e6a6a6d93e8,0.006543483298680347
ck_e1d563fab4d6116a,0.012315603720583466
ck_53aca610e20598bc,0.002801468710067685
ck_c8131ddc7ed33448,0.005364393770270688
ck_899f88464305824a,0.011916469180239572
ck_1c17c65804f8889e,0.0008878484147425437
ck_45a16ce12893cf9b,0.009616978923624323
ck_f9d481aa4f9b2808,0.9332506645158034
ck_1d5d74169cf892ef,0.0032628090889387012
ck_aba32acb61c1aaca,0.012001482509196373
ck_ec4dd3675a8d28cc,0.002929881646211488
ck_5dcd443fe0bbdeac,0.003687279495583811
ck_3a47e3f54475e854,0.0003298794290692326
ck_a9aa5c344c315532,0.010450133133168178
ck_9652283c9f61fcec,0.0003629044986807661
ck_752dd3d2487f78ea,0.0028575445655121524
ck_a821980ac4db9943,0.1124896593443007
ck_93e0d6befb67f7a1,0.009183819347633166
ck_e7a3881c3e36bd51,0.7949807251118809
ck_12631b78f8a03df2,0.0001415775802649262
ck_57b8226610b48854,0.005024166666346205
ck_352657008983fd4b,0.10140031277156603
ck_0841a5c24fd3dd28,0.036160213783767485
ck_db9b9d5d30f74070,0.19931912833927617
ck_a9dded7f6294e44f,0.01210689782897434
ck_91a16336ce3217dc,0.009325999582347543
ck_371bd9388b287677,0.0007023284493508995
ck_f285e5e1912a7c62,0.0011173211816575498
ck_368b65fca69fc415,0.04775179937884973
ck_d27a73596b6500c2,0.0019297436965313047
ck_2d963f9b2c4d11e1,0.014112924140522698
ck_7c500e219af39486,0.00118100777374711
ck_7d025dea5951cba7,0.003565698286267132
ck_32f632706608859e,0.001448282512204736
ck_53816231f3ffb48d,0.002726404071412356
ck_9dbe184e81c1ca8d,0.07898131983385871
ck_d74123617f22a21e,0.0006061158643892374
ck_275386782b1606f8,0.0007697369862224001
ck_0b0e79d33e50cba5,0.0013428236046534037
ck_ba93cb604f792915,0.01403582456006236
ck_a86cd653472eccbc,0.005093117124297603
ck_87771861e0447210,0.030596199678170354
ck_212380e0371d8a6d,0.008000142743736496
ck_ef0d702d7b0ed745,0.00034559034468645175
ck_2b8f33e22f939372,0.958210281345143
ck_480347ad92037105,0.008699318543605504
ck_20124c3a16c53ce4,0.007364580215179825
ck_c9e1e3229baae708,0.004142409720659411
ck_b1befe967f7a5ebf,0.018607659283312865
ck_4672167d7c989bbf,0.014179564841762523
ck_f0c44ee5e3a42e3d,0.0022412047647291117
ck_c416357d20238a4e,0.006254693292786539
ck_d0f470f8078c91df,0.015659319204314313
ck_3a70b4ee59084715,0.00232117151682942
ck_179ed66cdfc1ce27,0.0003117186028801083
ck_387e5a7f163c7837,0.010941970944158125
ck_08fb463e69f647c8,0.9962134967725534
ck_732f725747393ec8,0.008181284994139755
ck_7cc5e0fa3ca5a713,0.0026568428565559013
ck_ad4a4daa826ac68b,0.895396093112879
ck_472e0be7a3b533bb,0.005012226939653857
ck_7190177963eafdd9,0.0007817617802872597
ck_647ac26c5900f082,0.004055845251775006
ck_272ae2179bbd8e58,0.0020617744299846826
ck_09b0d8af304646bd,5.783830900971334e-05
ck_ca0cc8ea9f344408,0.0037856793449065735
ck_332ad134fb909869,0.0053963556512271645
ck_fca2798914627dc8,0.03259361282593454
ck_4450b55f462ae134,0.002591331134707776
ck_d67d9dfb60b286b9,0.000269434068210008
ck_a9d2bb4f2bde7052,0.00025588004550403717
ck_929bcae878a3ecb3,0.7172151822652227
ck_59a9e000fa275e1f,0.009118735604303093
ck_57f17254e2688637,0.01152671814815984
ck_0508908697f60ce3,0.09667993044968379
ck_946afc2943298d26,0.0014727740150918321
ck_7176d12b18f2cc0e,0.03137357370550906
ck_5c47b49c26cce286,0.012940970061667478
ck_b6a2bdb2d335e1d0,0.9995796022617471
ck_1d58f6caaa4d012c,0.0020685586911310056
ck_71c917295020ccc7,0.0010474406684372636
ck_bc89644ae3688995,0.0007549213498318039
ck_e7c212f16d6df272,0.002552682051938984
ck_c6d2e11a368184e6,0.0006704863062923973
ck_eed7f1f7548df15b,0.0015083490531863364
ck_75b69034000ca7bb,0.008968604395774772
ck_38da3bf629458682,0.006188483487493632
ck_90114c891239d821,0.00011546589719308241
ck_8ee08f6777cc155b,0.0085730311052947
ck_bd86132499defcd0,0.0032009088051925495
ck_b95fbf2b5640aa82,0.0024333298628472907
ck_c530235393360e3b,0.004712065735295623
ck_be52a7ec43241ba4,0.009085810378127874
ck_d96eb3cc55f2772f,0.0009822153184878106
ck_dd34f0a844fb115d,0.07671260684364246
ck_17cc7b411f448e66,0.015448913250950505
ck_856ea65fa27d06dd,0.003756675319416057
ck_056d5f0301c30902,0.012404915253043578
ck_e662b14b2bab23a2,0.23264736966238617
ck_209f574c8d92274e,0.00043743862274597497
ck_62720b81617896cc,0.003904301014717541
ck_041614694b77e599,0.0047315911481041655
ck_461e3f7b97db8d16,0.008745889868416238
ck_1b74b798eebeabdc,0.0022500339357257653
ck_0ed2739384f1d644,0.005714234980418212
ck_5a4d19f1b83feeb8,0.00033879165145080206
ck_463937167965a1f8,0.006905141308689321
ck_9d7151dbdf100e0e,0.002928325083858275
ck_20a7d1ce6cc27312,0.0004782607650044701
ck_6031211ff118cf0f,0.0003867564419805594
ck_a6fc92aa91e99b77,0.8843778148758557
ck_0aaaa9d2f75a0518,0.000771703202638286
ck_ec26e327cc1848b2,0.0014245389519551646
ck_0e6bebf8ae9b9b03,0.001970587250921326
ck_e107537a4cb738f4,0.0006567451267124026
ck_e8ea56e122a5a487,0.0024396694144671405
ck_98149ed45d38c4d3,0.009299298408475116
ck_0e719b3a6906b8f1,0.00010883223268853786
ck_0c6e7bd357e4a348,0.00030516306324355303
ck_d3b2b250da61db19,0.9974426114086338
ck_8bb6b0a292754576,0.0515765679870786
ck_87d70f5fe48a6128,0.006346784855756187
ck_ea9edf9c107d429f,0.003413776574659063
ck_059806c52cebe4f1,0.16828433662775516
ck_a72d6df666e1c21c,0.001392828936680354
ck_1d2b80ab6c4944b9,0.003659504504449211
ck_60557f077abc42ca,0.020807826595961344
ck_e5f5cb7dd6ce4a37,0.011355459570893671
ck_4c4a939154446053,0.0015391900361112854
ck_50ede3eb561a202c,0.009076677929817142
ck_6d03a542922b2ae8,0.0008628657909246806
ck_d6fe761ed0db3270,0.005593567265773443
ck_7f0cd6ea3096f985,0.000620247755661429
ck_23edb6d938a3b87b,0.001515151012172421
ck_799aaf9f2b9ef621,0.0015521178520429841
ck_f8f6a03613b6dda8,0.002673577531183569
ck_7cffb189f4f514ec,0.9989795881010333
ck_c081e1967dcd811f,0.0038556628430493783
ck_583d6ca78c97d91e,0.09683113370765668
ck_9332bbc7125219a7,0.0026678187985384005
ck_956b5af6d7d86c65,0.9770197792714834
ck_2d634e3f24681c0f,0.010670657157254843
ck_7b35d218ed0c5a60,0.0017500950237150565
ck_ca5b1057f8248f73,0.013431097405922068
ck_ec5ea81cf813597c,0.0010777333646222608
ck_eaebaf4d28400fb8,0.008329071066810436
ck_ae2ab6be219219aa,0.0007688636409638132
ck_d99a8b4c820eb46b,0.001802160420663159
ck_bcfb7ffb7cd428bd,0.004296271328460814
ck_3dd542c2d31be2c0,0.002567305685345561
ck_c7dd84401e29a7fc,0.0008722106846705063
ck_c4bcc7cefd40f8e2,0.0002781255983305196
ck_c251898b5d51e3b0,0.0031068312592082347
ck_36d37be780c1291c,0.0002708403629741337
ck_99b4f266b61ae7ee,0.023865591655068324
ck_c37f03995f0f0169,0.00034243629308437757
ck_65a23ac8e44eb901,0.001475670519880324
ck_644b1c1149eea9e0,0.0028760135841786666
ck_9cf44eb0237c2429,0.0005994484141611681
ck_20541686a94fb71c,0.012953503245941462
ck_c18245be844680f3,0.005020055253318259
ck_56de216eda6b7fa6,0.0006039771353700362
ck_406c4442dee45cd1,0.0001449663956863388
ck_df1585c7d72a96e0,0.0008029090457459849
ck_b8e8dba20676d87b,0.018176954100102567
ck_0ee6965e68efc177,0.013541332722516664
ck_c2a5c54ad8d0d297,0.004491008243405377
ck_bf6fb7e6470e95cb,3.059350235163954e-05
ck_27fa694569140345,0.000555129111282452
ck_e04166b0ce66393a,0.00027218694216855883
ck_8742114f4f0cb22c,0.01837898057617705
ck_6eceeafd56b42576,0.029091247708207167
ck_34f9951b0eca1965,0.0060987515215333065
ck_384ccecd342a24ad,0.0003578679251931572
ck_49c98bebd1338879,0.0005612792292376438
ck_6c26c12071c91ff6,0.0014057138805668146
ck_01e5986ebb9a78f1,0.005123823983182386
ck_121db7ba3be29ee8,0.019762512573864726
ck_039e6d5a330cea1a,0.016272071914985507
ck_ae8c9163cf957d7e,0.01169997856205535
ck_3f5e8f3f1df0c8c7,0.04908125397431703
ck_b1c51fdafcd80122,0.006927210973082186
ck_12e2b5ebfe8986b2,0.0014575395382715032
ck_d55eb81a4d543c59,0.0009935038419242599
ck_f85155ca5c312c7b,0.3032874361336395
ck_133d8a1ac7c0e301,0.9969044077883961
ck_04212a9bb9b28696,0.9995468380052099
ck_4cc11c7d3ca61f73,0.000750000527644582
ck_2df4854186ec515b,0.003899743489004903
ck_aa9b28e7fc43af79,0.8423346406675657
ck_47cad6c3def4c9e4,0.0009744001882701001
ck_fbff7b5da8111567,0.0018291687371990255
ck_bd25ea782e375b22,0.011929596398159261
ck_7989376f8cf64a9d,0.00443575129075625
ck_675c0ca1ebb1051c,0.0006606487934389669
ck_1436f6e11d4008f9,0.003981613721754513
ck_812cb3a4482cc618,0.0032711485255880234
ck_6e606f73a1094afd,0.05578811423617005
ck_1b708e2a4a0584dd,0.011390724120125623
ck_a60d6b324bae0330,0.008917044518873124
ck_706a4f673a9fda3b,0.41307081166483783
ck_a75ece9a9044eed0,0.001778603633949244
ck_9aa45c4e03c8c57a,0.013140844286770634
ck_9fe9bdce982b312c,0.030587247130111905
ck_c6fbdc5ba68a8466,0.009983950423350634
ck_ed0cc1b1c28f9511,0.013303774732472313
ck_a4e2607b4c8021e8,0.0006333647397520321
ck_e02f93f51cc8caf3,0.002620552515801854
ck_7084ed3cf20781b7,0.02213668068256292
ck_cd4c63155570d6ea,0.0003808808057536903
ck_d1b9e5d32d2d789f,0.0017717014587658904
ck_68f56f6560a7a933,0.00020703610202226977
ck_8bedacc6233c6269,0.005661127817376975
ck_ab7cb50407d6b13e,0.0029427921697193797
ck_f17ed7e0fd687742,0.02659697920934536
ck_b0fe4b92fc70f72c,0.0003263444916088655
ck_84d62b8196da2452,0.004938890447878876
ck_9e298cae167f4693,0.0005085027192872332
ck_405b20ef9ad0ba5f,0.039699542264422155
ck_813e02e1ababd177,0.0018421939335245905
ck_f234ab47061ba7c0,0.0002575729099188425
ck_22b587c18363899a,0.003613063784338227
ck_4e862c2f48c38aeb,0.0016357886032005078
ck_b89cb90a420c9075,0.006100352205012783
ck_be2251640f27a3c9,0.09502157802742797
ck_46bec0bff167ed3f,0.00770031381440741
ck_c0032232c2868328,0.004459074482222417
ck_030cf09525dba4ba,0.0004578555900479339
ck_6ecf56236789fc09,0.9988789258159775
ck_38d4ed52cbe6d123,0.010094267402297153
ck_2d923d957ffd4d53,0.00961767285002697
ck_3af1eb88728ed8c7,0.023670310506037053
ck_2f8120ca80a1592c,0.0017334140825068778
ck_6cabb1a133f0b151,0.00643410717314426
ck_bb6cf7e7b707731d,0.9053087515763254
ck_c8307fecafa90140,0.0036377032542320156
ck_75f968be67f46d24,0.016094076966861888
ck_df6fe4ec5a233213,0.0006108420992070576
ck_b53e88c0e927d896,0.00010957001868683422
ck_f0093064aa28f4d0,0.0049343607666681175
ck_ec9976cabc63ff92,0.0019299198782463858
ck_30dac0a58c5590cb,0.04200886976030692
ck_348a525791ae6475,0.034229387248415406
ck_b898d912d1181ef9,0.004456903646057156
ck_f5b1200dc6f95760,0.04484467231700587
ck_54978a073e7a0b1a,0.007013193682916979
ck_55933936536a4071,0.0019733434272201505
ck_d6ba7ffd2ae08863,0.003227878659854748
ck_404e2217fd87fdd2,0.000651755712101391
ck_dfaafdaefa5716b6,0.031095156815263057
ck_556c62e92d4e7e5b,0.016719085053680676
ck_7ce44f4e06d58111,0.05773394570910575
ck_465cb8ce232c7670,0.0013510601998211428
ck_237508ca4fb37268,0.0058959526082639595
ck_ba4a6b9aa63964ef,0.00680612689109217
ck_4802a0a7a1882c88,0.7357326624341838
ck_9478dfe4114c30f6,0.00021768793043444747
ck_5138f6c575dec64c,0.0015757034239682589
ck_aebb42afe430e2e9,0.0008913120325576274
ck_004efa95555437e9,0.0007025780936348268
ck_11af112667c98394,0.002358789066230214
ck_44e9a18a8645c9d3,0.0014845937547487303
ck_2605fd571219e28d,0.0005870786983065535
ck_dfc933493561d84f,0.0014851552792975533
ck_67674348e68d1f25,0.004333520879875702
ck_dd97429277a2fa00,0.0017370688569639122
ck_d3eab7a06eb48348,0.0075252307275405425
ck_0b9fcff9667ec05a,0.0014460855451645888
ck_fc4bfd6e739bddea,0.0003871631940257553
ck_43292f70a03ddf2b,0.008955654744297629
ck_5ff6108056a3fef5,0.0027393456192427897
ck_767e0be086b5f601,0.012590668145387651
ck_b8465b1a5666155b,0.004206716897819169
ck_ab2e3fc56f5b3aae,0.0005333881727784555
ck_1833c81d693c1e07,0.8480619225451154
ck_0308e0602b856445,0.0007130865505001929
ck_ccbdfe744acff8bb,0.001699463242952728
ck_b294aa27a0b586d7,0.0011831424219214972
ck_a3747201f377626d,0.9933628415310191
ck_edde1d7d1db24725,0.017830150917521527
ck_ae3b47d6e1063704,0.001189633359470552
ck_3aabf5e0f4defb41,0.014459707051741053
ck_f034adb57391f3d7,0.07504007320819105
ck_533672fb40531607,0.020117380004657237
ck_2a244f1ae08ef83c,0.010579068379747366
ck_a35d81bcc54ece2f,0.015473655384735668
ck_78a61215675b38f0,0.006241122487775192
ck_e013d88ea7939616,0.002498471676563311
ck_e5018f9418e0102e,0.029404890791527333
ck_d4e024fcda401a31,0.003930344567964155
ck_f736cffbdb82db34,0.00021464976261773242
ck_1507f5aa50cdf3a0,0.002654715882229227
ck_18270fee7c8fcee8,9.610558117441147e-05
ck_95ffa1a805a1c9d1,0.0004656408114938189
ck_11132d245b94d045,0.0025137890858642872
ck_7b93a622e40d8b14,0.0027808091465411815
ck_3854c08d17704347,0.03349285983407818
ck_7717fcb100dc4b5f,0.0071470027945252255
ck_ba54e0a1c328119b,0.9928714874823422
ck_a7afdac4ecbf2de4,0.7719069137487484
ck_ecfb771ed2352085,0.005958949447528032
ck_68be4fefc85a6b64,0.10682528695818283
ck_dac7c50bd6d0148f,0.0008807665270862356
ck_87cf36a03bd63c24,0.9024961805554197
ck_8adb40b168b59d7c,0.0040855820954703494
ck_8d2f62930777416b,0.02877467373134318
ck_9958b58da9e3c21c,0.003209714840130478
ck_9440335375701f44,0.0075141150711999435
ck_e2f88e202b6f700a,0.006040006909081747
ck_4c7c50684827a2cf,0.0013800402815387581
ck_8a6ea4a79b1c7a8e,0.002649300693565553
ck_186dbff4b24a3bbf,0.05842930206883086
ck_220fda3c11c59b6c,0.07403012944680396
ck_3acccc69f8b1fd14,0.006137819399910902
ck_9de191bf79afd676,0.0023490681845543403
ck_6de6b1663f9457f4,0.0009421337479154016
ck_062754f8b79b86e5,0.0007246944661646825
ck_aa153a89a52f7eb5,0.009721990081163177
ck_34a6bd3be642f15c,0.00889247319659929
ck_9371c700d9830326,0.00703060816955612
ck_a99e0c258ad7576b,0.0021503546846912136
ck_0a7ba51d626e932a,0.007393516316973878
ck_852c50bbba1ead13,0.015668853890485567
ck_43dc13b6b6d31297,0.04227879808213288
ck_7d81b59d615a6649,0.010402410950847828
ck_39a3f1da060e88bf,0.001135251545928216
ck_6fb2d142c09ed3ed,0.024121090588239445
ck_6e5752b87324b58c,0.005938056625200923
ck_9441d48a12e8a4bf,0.07987294309896861
ck_09e9c51eb538b255,0.004352964678918132
ck_8d0cd981ed3a183a,0.005200696333673922
ck_57c07c45269ca8c0,0.0001572901138302909
ck_ccfc9ab888ba933d,0.008437029619086696
ck_9658a6ef471053f0,0.0015168736966066159
ck_dac3852758f4ea89,0.0017929538763839694
ck_b1ed2278f5f14d82,0.005980058977188947
ck_333544d173524f70,0.01593172653055635
ck_fd4582e3853ef23f,0.002301027815769469
ck_614d936cef98db04,0.0004222581366005418
ck_6bc351a3d57aac54,0.004620142657637283
ck_af5842fa7202ff25,0.024535625440970925
ck_81307759252571be,0.0031098630619953377
ck_b4d2f02d2cd45720,0.9826840167965114
ck_1bd753a4681946c8,0.8941740437568704
ck_46d8c029d46867b2,0.0012236990037973422
ck_b7da6640fa2f49cf,0.9310618721146697
ck_9ea3d5a5a91fef9f,0.002935724999722447
ck_7b922518f667f76a,0.00035988940506666555
ck_2a5b31594206eb30,0.601051501817438
ck_d9506476ad3f9e08,0.006292079039033444
ck_c8791f7ebd4d93c7,0.0062801116043241815
ck_b5a3e20fd210017d,0.0018216600321411696
ck_8e54386f4fe22cad,0.002943816212443516
ck_75296704f5806f56,0.03479478272089631
ck_0fbbc7a6af300368,0.00047365152890094226
ck_d19bf4dc0627113d,0.0012089887248907898
ck_7951bd4eb99a0175,0.00035808102351440635
ck_059e4fac6b7f704e,0.001252743111236573
ck_2ce8931af02a2ce3,0.0035522314124720985
ck_9e665618a4860306,0.0009456598326076902
ck_6fce5a893613fd2c,3.1612943122311626e-05
ck_9e3fbd04e3532f32,0.022525816407105367
ck_55f2ef0de3420e3e,0.008244768092962896
ck_8d87658a6f5d204c,0.19283557707231133
ck_6d6ac1f5dd882aa5,0.00018182591625741653
ck_55d0c7012d7ef236,0.007301509393939615
ck_7738eb085e5753d6,0.00023793763482584168
ck_0e6e05c3cc8c8242,0.0015788525293700078
ck_8d27ff8383d48132,0.002184812020120357
ck_9afc3bb849f3a64d,0.00365132345139777
ck_27eb86a9898cdfe3,0.0009780070028308854
ck_1d40e4fc541abe93,0.034421976609065943
ck_4fd9dc00e1913587,0.9965850118173094
ck_b26cdb2b7b165d2e,0.027586583699986983
ck_a79a27767a02e31f,0.006626323567723852
ck_f0c18cb9f951a71e,0.004878189536359229
ck_50460e0189de6274,0.996620910900569
ck_5e5280539257c986,0.00126537445545169
ck_eeb854318b3a6f0a,0.0017727378566060382
ck_943f66f28dd24750,5.378725980845967e-05
ck_984dd7452aee372d,0.07748495161378993
ck_ecaa6de0aca5e9a0,0.027677680125733673
ck_8f1cbc432e2774f8,0.029331183980444164
ck_d91d9f8445b9769a,0.9595481130443645
ck_73c18e03e3c7612e,0.0014031391021704718
ck_aded05ada490da20,0.0019467704264618832
ck_f744e208183971f8,0.002705322888724733
ck_02d4cef6358ad3b7,0.0007433215214431706
ck_08ff5bd467226a5f,7.755132844373112e-05
ck_f824b326d5089885,0.07909392091223448
ck_3420f2fd520890f3,0.0017801861122525436
ck_1838cf8d00f5b1e1,0.0077991230891794605
ck_a85182ad90b6f1e1,0.00015151949255550517
ck_fecb39c82c43e76d,0.0013243096620942976
ck_162513e73782929f,0.01652508208572303
ck_2c27b77c59d8f23b,0.05633464787733182
ck_4221e07b17388fd3,0.01818105344375449
ck_adfb8472d5c3d669,0.025020690156523195
ck_0742fe64055d686f,0.0027614172879580124
ck_5060aefcc8b6f958,0.007728746241802526
ck_643f549b4ac78a26,0.08181208814997185
ck_dba767885bd6ad69,0.0005650774938567818
ck_0dda35c0c64c7073,0.9981080698699382
ck_38ea56d43afa5660,0.004569986784620554
ck_d813e15ac91f487c,0.0721681777095666
ck_4c840e5585a7b167,0.04419605505948851
ck_cb8551453a7bb929,0.0032532037144374693
ck_05a00b1dd5a03359,0.0003376375577554668
ck_837cc7fd48453a01,0.00700390975001403
ck_49dd816b31fba6b6,0.13188451750936575
ck_86a61d9a39768e87,0.00660774269789437
ck_cd0e76f0e7bb38cc,0.003495974591966316
ck_dbe58392635133ca,0.02991149486892473
ck_3caec7dd6f8d02c9,0.009313974495532548
ck_bfd9bfc5b6ab4a54,0.008559085359767262
ck_2103399bdb2898a6,0.0022880687792369795
ck_329f7de7279e74c5,0.0010078846970216272
ck_9bf0d28119fc42c8,0.005325243192383336
ck_f781539b1042dc83,0.001391844332525751
ck_9986c7d781ac6b4e,0.0026446688952658872
ck_a627734880aca848,0.0013021699823703397
ck_2106e509d77fdb4a,0.9454260633942193
ck_420d1a9c604293ce,0.004057994531673023
ck_fce0610c527e2b56,0.08446328221877294
ck_073da541ec3f9d3d,0.0016006228451823684
ck_aa5f3ab48c17fed8,0.035337585357703774
ck_0fc1086e1c9e04b6,0.0013561571578888253
ck_5c33bb46c1a5945b,0.03270327136773456
ck_500948a8d4bd8e13,0.00989920099717281
ck_19becd44f2c3d2b5,0.0010828151742596182
ck_7d0fe77dd5ddb656,0.027174311303183353
ck_f158d9e5f101bb35,0.0025617758182410904
ck_cdd7c77823c2257f,0.03331226831082736
ck_6c7b41374f9b2e55,0.00550890151565977
ck_417090dbffb1a63c,0.004795631743546172
ck_dd0e17605f970319,0.0006286114595705372
ck_3646515079e6be55,0.0018449693112680171
ck_89c8b06aa8c84b2d,0.028769755012447794
ck_e4d6dedd97233c07,0.009289471927911783
ck_bc82fb1895fddde5,0.001353838079908936
ck_88a8b1d442ca3686,0.010854898824260231
ck_5791f8f76a629a4f,0.03350929546346066
ck_9cf5e88e97c8c7ea,0.007588070741825789
ck_58fd684aa5a6f289,0.00011059712527399148
ck_9800c21dfbd8e811,0.0018894658745180527
ck_8ae64df60ab6ccda,0.005316647242078423
ck_e535fb0f0c00418d,0.04941190634163204
ck_48011996d54855ac,0.39306496660032303
ck_ac79c72a8fe3fdef,0.011935048224464225
ck_b8cc2df5192bc49b,0.013986492840821005
ck_e96a5e1f08f8a867,0.00017929344091511775
ck_84df6770549e43fa,0.00016238001208604104
ck_e5f7b99ba6ec5767,0.015046897480937588
ck_8347455ab53ff620,0.0012346991913010016
ck_a84f2cdf695a71d6,0.0036542327725161286
ck_90456160115f9ef4,0.0005406251398023644
ck_ebd178b3f3a9c50c,0.019142030686656236
ck_e1140be6157bacbe,0.00045586698879733045
ck_744ffc11d32b96bc,0.0016312450159520014
ck_e12a9f7d027e3387,0.00046655806352652985
ck_cbe525da0b69f18a,0.010126861498922567
ck_aa59702537557ff1,0.01838370227542946
ck_0348cc6908f7f3af,0.00037405027984397965
ck_120e995d50956bee,0.008623881344947676
ck_9fcde1ff46cbbea5,9.485484674613432e-05
ck_54b0b070689c50d6,0.00047196598391072066
ck_966a167758fddfd4,0.015746180221251526
ck_d5194f2e92fd6427,0.004658941463052723
ck_2ee84f3fa27f2cb8,0.0023348940405700878
ck_57d0a7eb7eae2eaf,0.004324202352795961
ck_6a2c4edd82e10969,0.0005517459780699974
ck_96e4d38ef670eaff,0.007625051452283477
ck_52cc2fd5095b169d,0.004552964839765313
ck_4b088920f3a844c1,0.00636640851665609
ck_8f3ccbd20d59f1f4,0.0012274800544105706
ck_e5e5dc431bed6f9d,0.0019914243032280034
ck_e8b5bfa6838e28d1,0.005174732211974247
ck_4bfeb78b47b7c6a1,0.03312161496052539
ck_a705c61bd679496f,0.0036550599245791507
ck_731869a0c39cb2fe,0.005606530110125816
ck_259eb102342057ea,0.0025791426602335683
ck_47a6005fabc33551,0.0004643780469965286
ck_682262b455a9edd4,0.0002729344278161739
ck_e839d104854945f0,0.00019730117242949875
ck_761989aa4c47d746,0.033595372352876685
ck_44211dc210139ed3,0.006071606958466326
ck_9915ceedf63a5289,0.06809161481444331
ck_da59ab47cb6284ad,0.0009766745821743932
ck_e5cdbfcca2456652,0.0003081993844672041
ck_13f2560c6a1ec62f,0.008421229006755408
ck_a0543e9b3abe1001,0.010138164091692044
ck_11c7a58e09e6547b,0.023237953237647123
ck_69587a134d43a4ad,0.029758254628927568
ck_28dc0de0ae291f37,0.006642955611083953
ck_298922703c5bbe05,0.003546917241305404
ck_fa5ba9ed9ed6a343,0.006205461950623937
ck_c08e64d424e56c05,0.007902854424577326
ck_598e036a28262aeb,0.05752124575189971
ck_3f7c870510083a51,0.005673236563414936
ck_364f8203a3e98d36,0.738161427081163
ck_7333cedb61506ead,0.006190523581788509
ck_1d96d7fd65f208b2,0.00472613938780266
ck_63133a79f23e2627,0.01108220016066003
ck_901d820e0b72abae,0.0031109843085545315
ck_5dd80b3c01457bd8,0.008016770938070576
ck_c0b8067c144ed6c1,0.005890707507991104
ck_cebb8aa8c8f62c60,0.0016401380297360632
ck_79749eca42ff1f5f,0.00823922795010538
ck_2cc1d9b587f6da31,0.013360246593765963
ck_ccc7916b56d42195,0.0007540176140815954
ck_e43e53cc7b8b8e41,0.005408706024777106
ck_4ab74a6e7450416c,0.0008831884511558738
ck_6e44024e9de301c6,0.00024155288996826428
ck_dd78cb6ae2866cc6,0.00807597167161727
ck_c363d3b050baf3b8,0.010019445442206922
ck_2d46291975f0dd08,0.00018065287121888214
ck_76ebeb5aee42f041,0.005365419420743817
ck_8395f004cf4d4c08,0.00019641845056377573
ck_de7259c3741db179,0.0037354866952813296
ck_3938e92585df2b34,0.005917452102963483
ck_af69bfcf4f07d932,0.007405793070613976
ck_1723900ab9afe374,0.05474085793212056
ck_3d58628d1c853c8a,0.0010618205283857817
ck_12a074db100481cf,0.10376729655858381
ck_8716cbf892c50e29,0.001518394003501212
ck_fbf7351958ad9615,0.0066089959591919935
ck_a50370907e6b397c,0.010349847096490665
ck_937402a60df0821c,0.0007172648185969478
ck_8ce9c5807acbef48,0.004644539762466881
ck_acf7d65eaaa4c31c,0.0017191643397493745
ck_ec3eb6dd0967cac5,0.009609397538508504
ck_fc832b0c90c9bdb9,0.6760376058509793
ck_8129e81cde280131,0.0026724655951817057
ck_52c0ef68aa2fb8cf,0.010611643126783943
ck_06f042e9b1b662fd,0.007934376798274674
ck_0bf35dcf7b38f650,0.00038134981187217746
ck_615763afc2e17a7f,0.0002590076218849037
ck_e72db9d4b2fc9997,0.9985959205591831
ck_13757bf0eeb353e2,0.0010870873057475699
ck_abaf371ec8249c4a,0.07839042986771934
ck_9b7167da0920c37b,0.03818999656014681
ck_2e824b0b27494a17,0.043658494434777914
ck_9a0b605e9c3220c4,0.0029841593619465757
ck_a5276af466b681de,6.698440156492039e-05
ck_9e0383e1fb6e214d,0.6374317578239553
ck_6a27c44b691dbfac,0.001518862399323295
ck_af39767cf583905b,0.0011698360403677266
ck_243b1b9fdd3f9a74,0.00012920017724778462
ck_c0422e638a9c6046,0.022573888833324937
ck_e0f3ea3373dfc4aa,0.013275320701153606
ck_d56ee1654378ffc7,0.004292226233205287
ck_20cd2f5666719baa,0.0005240900815061181
ck_4dfa1c1e9b69fcc8,0.006826846187540536
ck_5d22e9ca1d15180b,0.737845933135542
ck_f4a7ac178fd55f0e,0.0008588786889466654
ck_fd5609bd23a1eaf8,0.0013050390413055608
ck_49c3bf13dc9471ce,0.007078704385954081
ck_724085c3452d4693,0.2385379670494821
ck_e5d1462846154a75,0.007133828811257123
ck_c69ef0f3e7d6acf9,0.013258719446275763
ck_a2d0417791d4132d,0.004039403795889979
ck_00a07fc2a9183c3a,0.00033051420175722146
ck_781b8288e54ba8f8,0.03742197245761204
ck_d74a62ab3804a81b,0.005719468382371031
ck_abcbde211b6267f8,0.08831837893763082
ck_16dbafc035574654,0.0003016792305371726
ck_018f780215ecaf38,0.0033890212581990766
ck_0b259620eac51618,0.0005589671027033984
ck_4f875342394c110f,0.0060000352124397385
ck_399e45e5fe9beaee,0.004134433108757178
ck_36224a2d394ebfe4,0.01835621826214365
ck_c189b551bd111332,0.00026810922381893034
ck_125c5a720ecb177a,0.030052033045128344
ck_76d010aa02eb477a,0.00010897611058854659
ck_1071d14c46c92379,0.9210967478487035
ck_61d244b2cde483af,0.014770328514243638
ck_2ff1860da2004c84,0.00046458537393599534
ck_c5b583490198672d,0.0008810720960821791
ck_1294f7af22fade11,0.038102834996485306
ck_e3a22799716df39d,0.000777292620153089
ck_c77e22834ef97005,0.8265385216392509
ck_73d3689728270a2b,0.0006029764064031099
ck_295565fbf77ef885,0.0022917297198977163
ck_80c0a7f54ff4895d,0.0012588267969701166
ck_f1ef5cf7f10b16c8,0.0033244958381884295
ck_a958b2461ffc21a2,0.06715546014063627
ck_0e7899a57cd617d6,0.0007889711794261378
ck_9d4fed252718f58a,0.0020059551840960776
ck_83c2c34add971d76,0.0005149205326864797
ck_9ccc030ba2de9fb2,0.0333887395046557
ck_cd691e3466fb3742,0.004342119588474581
ck_49df70f908dfd069,0.013701130947305417
ck_362ce13eec1e33a0,0.003029353009112385
ck_2452a30397dfc54c,0.002030229181730825
ck_a443d49c2b4863b0,0.006669946146964663
ck_c8b2e2cb349dd0ff,0.0028065875817099547
ck_354909fecf5da8cf,0.006789871219595699
ck_841f598bbd54c83f,0.009859652815425475
ck_cd6fbd4e8724f994,0.017012122213400472
ck_e0b3158111370118,0.015784538254502333
ck_4c2f2eb657c2c60e,0.00038886247728614807
ck_ef346071f0b7654b,0.0033473596515170368
ck_f3bc10e3decefce4,0.0016930855508912762
ck_189b6fbe9b9192e7,0.0030926059523407076
ck_5245cbc5ff4d4fa6,0.001503222696714819
ck_cb42e3be6fe87f60,0.00293137934093101
ck_966d4d713cbc7792,0.00035787089766182355
ck_1c8c969667cbaab2,0.9588790176974505
ck_d35e3aa9ef5d405e,0.04150283460200227
ck_a1c39df50a5873b3,0.008561152635394939
ck_a152165caf295b51,0.004359768781602942
ck_891eaedae139828e,0.003896136938293709
ck_1a46b56f4734d52e,0.024453006914003633
ck_5e36042cfad96c99,0.9659586872886923
ck_02a8582c2603e675,0.005382732883961903
ck_6def9d0429e4ed4b,0.011005511486318963
ck_e137400825a1e3e6,0.0016522525452056323
ck_d91ab840848a54fc,4.8102804046678346e-05
ck_becb6e1c608e0078,0.0008392202492784849
ck_6fd8c86ac719d7eb,0.016358419951800297
ck_3ed4d13f12fd9d0e,0.011927313202334488
ck_007337aa99a4891e,9.555729403726901e-05
ck_60c3d8306527a08d,0.0001921154186301293
ck_95458880a54df0b1,0.048727475304299404
ck_b48cd8593533fc1d,0.5999571988303926
ck_021c6a4a7e3f1f0e,0.0006773198400650121
ck_764d40f865e710af,0.0037609778092306386
ck_4b84357ae8ec7777,0.0068118595524266036
ck_3397c7856b4669a5,0.0007697610115384053
ck_920bb003b42e6310,0.0013153190012914076
ck_8f59f11b512d5b7c,0.0137828720950235
ck_a3acf4b986afa98b,0.9463329290140748
ck_e89d25ed7bdeeaea,0.005967536362124997
ck_70e6bca473bf6902,0.0007076270527005865
ck_186161ce152836f5,0.003502292118028368
ck_9191579254663f5d,0.0006192747406806276
ck_1e6628879e9d653c,0.008093487027988894
ck_b498fa91a0776ff6,0.12042765724711282
ck_cfc2384f22954830,0.008103036078530943
ck_17673a1c2867888a,0.0005528864990451018
ck_523dce06515b072d,0.01379125280588599
ck_c20638a325ead2e4,0.0047528030528877635
ck_d3877e1f907cc148,0.002260326518786506
ck_e9a2495dea8675e2,0.01903114441061269
ck_7e561caa5fa1f3f1,0.00153858179153741
ck_455672e652fe1abc,0.9519041028801809
ck_7f8f864fcc90ca82,0.009958151889090699
ck_1ad36046aaeb816c,0.003909119544103917
ck_de056e37c82e8e00,0.007218197673038487
ck_7484c214c889fe7f,0.004073541421938899
ck_32430e678c4f9f53,0.0007111353489190164
ck_6276ece8f80ea799,0.0036272677066101267
ck_ae8e5dc4b725bc25,0.010591040005296756
ck_f01be92dc78a2dc7,0.0030582906528166505
ck_233397a8bd40d38d,0.0010702870914381824
ck_f8124911450fdf31,0.9145800904356628
ck_aa0a3179f1111674,0.0037338390685480267
ck_2366b29ed9887a5e,9.830184908942034e-05
ck_1f22f04dfc08cf27,0.0009184599497261577
ck_b62276c3426d680c,0.004592732125878096
ck_d099fca88691f66f,0.008480066863095211
ck_166bd1dcbaf4d6fa,8.107480858345704e-05
ck_7b1660e942436e12,0.0014750517021926324
ck_4a9a791a1d409a3d,0.010433299551921805
ck_b003e5b54df65db4,0.008165491273789146
ck_64b4dcbf436f0b75,0.0008258708479682474
ck_26e9a7bb2061a58e,0.6905117075903227
ck_08b77ad5f8f73007,0.005252544567131812
ck_366616a725afc6bd,0.006204861579437119
ck_934fb5064b6eefe2,0.0003592851549999099
ck_c6abd5d57b1009d2,0.0007109384522360881
ck_edcfa9e1cf29d813,0.007878041164001832
ck_c30201ebd003fdc7,0.006720659282252611
ck_c54643d94d3ce355,0.005206920227200992
ck_02adda6e91e49650,0.003692559044727101
ck_5b73d7c5255e58a3,0.2374017641222622
ck_129ffae92dc01408,0.000296073175467893
ck_fa321945ebedb916,0.008440105225437398
ck_8da980cb2e1e2bfb,0.0014159990054436662
ck_0576b00d728bdf19,0.02191535939319333
ck_c543d82e22b3c8a5,0.001193718884407956
ck_0027ba644f9ae2cd,0.060554698043847686
ck_8dbf61df902a6bbc,0.0002034668513342719
ck_90eeca1cda79fd41,0.00020549796385302947
ck_86d7127391d4e01f,0.0004923944959896663
ck_73762038c7ff2f6f,0.0014441060858750988
ck_a1484e6215fac651,0.9941722229513207
ck_cb83b9f806e90dc6,0.1045837319379865
ck_8c6f059c95872126,0.0008840059959292589
ck_3174419a81e7caf2,0.00039688758426518675
ck_6a0f8f8fa4a3c2bc,0.008958921540451434
ck_b5777605668bfca1,0.0003800319825413883
ck_27e4de495abb4d15,0.13764663208614472
ck_7f6fa79c7a107161,0.0014778293631029587
ck_c36ed9f8e6792ea4,0.006305146169528676
ck_67a1aa88d2ea554a,0.003926515702720201
ck_09748dfe4df3d540,0.001816376779881335
ck_27fd85b1e38b675a,0.0009207342582137443
ck_2369689bd795ee10,0.0019047416613029913
ck_4eb1c12f7d092bac,9.314827651346298e-05
ck_01fbafc42c8e33f5,0.0028048156780969523
ck_93c4e05699b3b7d0,0.000868776729095724
ck_afc484d1b6907983,0.0006378165707619392
ck_1b2d9cae92a1aab1,0.06175599332409117
ck_73b729cb161487f2,0.003433251787776962
ck_fe3c1d0ac090d960,0.03467955043179062
ck_408efac1d3885ff8,0.04727566257715489
ck_ccb4dd9d0a48a76e,0.00046297201485911044
ck_2987eab34ca7805d,0.010358983922039832
ck_1dbf1f15193197db,0.015907275666565614
ck_4ed711fe4053e74d,0.06640922280325297
ck_6c54adce174f45f4,0.0009936279634313353
ck_a6c740041faf0bd5,0.0002902066260366262
ck_b05c4d33c4f43639,0.0119158863903428
ck_032880f1114dd51c,0.012635357043895113
ck_22311b037456a76e,0.0005981437309251273
ck_5866b413549765bf,0.000792236786589915
ck_0e808afe2570ecac,0.007059459399266913
ck_634276b05f4381f8,0.005640378117921129
ck_5d8773badd0d4740,0.005550123944017822
ck_82b5b79ce3517102,0.9925092844848115
ck_b378b8d8100ee4b1,0.007768626037741358
ck_54e581f71be5430d,0.00046644992553512745
ck_798ba4b8aa544fea,0.0005612177850957136
ck_3fe86b6331ff95e3,0.046184413089148
ck_81275d9d4c559e6f,0.0009269750739571228
ck_99a4e5ef02d89493,0.005331818003858088
ck_54e2eb018d947790,0.0010823480807532278
ck_966901ea9c77cc02,0.0008480807572442642
ck_27d69ff4e0cb428c,0.05388630437719462
ck_2cee2dd7bbfc09a0,0.9111253264357975
ck_4136b00924695ab4,9.692691695104924e-05
ck_59a164c40c03a45f,0.0012160557851585777
ck_3e24b026bc66789b,0.00025640307495721263
ck_8105bcf69a75ee47,0.05767466305495446
ck_7a1782cefe26a456,0.015699955229368914
ck_970c7dc195161272,0.0002748392915438832
ck_a48ec0c00ae20e82,0.015059974270830629
ck_54b374ade34e1dc1,0.005031190707914365
ck_74e5dec189761d14,0.00303036504403806
ck_4717f24f2c6f40e1,0.013324524005213658
ck_fc8cd8a8209e802d,0.005038523055516496
ck_71db4131d7efe218,0.0012518002722530107
ck_45424ea6f0bc4650,0.023892212775575964
ck_3716c6181a5035bc,0.0017167473176729127
ck_26de14b96bdad4f6,0.0031211954084759447
ck_99c0a41ac9c73857,0.0018529818709233311
ck_645f15bbbcff3b4f,0.9984451654255236
ck_b7e25ddd41514d4c,0.0002759334258934753
ck_d5c14e877ca7b755,0.001368389005836173
ck_05ea4440dac6cfad,0.011768865540946288
ck_c58bafff7b1955cc,0.00441749770195992
ck_f0cf85b67a9b840f,0.0037159809028627505
ck_ce1500a7f0d03fba,0.0017542044373884045
ck_d4972a775aadbbc8,0.0026789853546685055
ck_3eb6146c262e0fc3,0.00029129005706871893
ck_afb23858a4ef42ed,0.9982201447311893
ck_2c1def5c91c52a5b,0.8018936782770943
ck_72e550559487b919,0.0007892733991999214
ck_0284dc2b4f856b3a,0.046653830823082006
ck_03be334935e999a2,0.0014895424930841039
ck_e35a4b4a3cb4cedf,0.003693267346988504
ck_5abe57dfff4b735c,0.002978613675477866
ck_f5f87f772388efa0,0.01244101183437229
ck_5a22cb36d612236e,0.00036977428416041104
ck_8ff1e6028e764472,0.9924238585079406
ck_2ab28149b0986642,0.7740418174771313
ck_c88fc1bac79fa6d3,0.03429137633380733
ck_5b137d74bba6b1b4,0.0007955662056906591
ck_11f362dca2dfaf5a,0.0034567624016092215
ck_7f960541e5174565,0.0007804721016160478
ck_d5458ba39ae94498,0.00654599781359246
ck_0a921a73a90c2e39,0.0270024581743728
ck_6ad56ef40086dbe4,0.0010234589725915014
ck_b68199ecccf2350c,0.00011801661485427322
ck_6dac66c8198c07d8,0.003380154351951637
ck_9b9ce7bebc235fe8,0.0009312846901114594
ck_6b817117d87063a8,0.0031289213037039875
ck_900d62b3184378c7,0.0004548315817501621
ck_eafe9b89857149b5,0.0022038723048009136
ck_e74716a525ee5b24,0.00029127143683081545
ck_4e9a6f06ab134102,0.01880980462203983
ck_b0d33b5a3716661d,0.0017962565599115548
ck_8703543bf3134306,0.007262356902944039
ck_923d6a0f83accef1,0.004007946711438214
ck_52e37e2170532e2a,0.32001238254804626
ck_c1c5ea839c58958a,0.008595778144885602
ck_660f0006780e87e7,0.0068823907611459
ck_830b2c5d1818ac07,0.04214228670062549
ck_b080ff636932d1f1,0.00023129543205509798
ck_38730aace405f2ae,0.9997002137070983
ck_9790138467a06223,0.0005730375639601446
ck_10de0b0d86b17839,0.0035130566875471365
ck_c3e37a4d3382c32e,0.0019124071055617142
ck_dd8edfefa1eba531,0.0002505665736075056
ck_8153cdadd300d234,7.403930479289676e-05
ck_74d0e7c2c6b63d36,0.5081036716793651
ck_c478aae3031bb328,0.002523267386195051
ck_cf301f2194975866,0.004455891520474485
ck_f4de03f44e3a5bd5,0.0024660830541184567
ck_b06ce826e593b210,0.012961493938395116
ck_2fc70b6baf6a0e26,0.0018287254673720846
ck_d208494cf5c90047,0.020080988539290058
ck_086d29ccae565e5d,0.001023588282719548
ck_d5ef6dc116dee408,0.0033585162384194367
ck_fdf0c5b722d83464,0.00018254250735744498
ck_de8494b13adeffb5,0.0021634860983969885
ck_556786868599143b,0.0041263937450375845
ck_4940e78cbdcfecf3,0.0004078763710508856
ck_d32fbbfe32c00416,0.0038639297498332488
ck_bc7710f7e9fae649,0.0016243429144006624
ck_416f7ac57da081a3,0.0017526014491066656
ck_6fb39b60c67d5475,0.000996597248542599
ck_e40a156511345d6a,0.0018418173701160543
ck_49ab879b5aa7fccd,0.05345771598578817
ck_bb643194d1cbc47c,0.9992418067491012
ck_b3ce8f1bcedfa043,0.0033135993648721503
ck_558ebde8c29132a4,0.0077491863329842165
ck_e6222925762273b8,0.01510006169345958
ck_bd80546b4807dd59,0.04619665904691468
ck_bd21164bd2bbb635,0.006053387318446586
ck_ea835557d7043667,0.0003651694697385514
ck_1411a80a157ff39c,0.0016879614016023913
ck_ab973888c20c9120,0.07533250316649406
ck_95b48972061abe82,0.0016454441286795414
ck_fc4a43f8876bf10f,0.9669678278845915
ck_f34fb7ccf82f41e5,0.0027688745480181284
ck_5af9934a56801ac0,0.0023097306902919107
ck_fc7445ec76389a58,0.8083241938839374
ck_1eeacc26f02fbba4,0.027165327104394045
ck_4f325dd15c9bd45c,0.020215735061234235
ck_5009a6c8bbaf15ba,0.010590252612484318
ck_0f3de7f074bb33af,0.002678956480599017
ck_2cbc2f93a32eede8,0.011091028092302922
ck_4bb90a61c21a303b,0.004225771237295353
ck_3ade9eac7d7b0dbf,0.1182681715667729
ck_4859a58629622915,0.010022170359674622
ck_5fed957287ebca03,0.0003409779052932022
ck_ec01ae5351500355,0.0007331654208383285
ck_703b41624ae6a5b6,0.0006012597130074101
ck_97c38e7f61c27e47,0.0033297779341355553
ck_db2c0908150cb2cc,0.0187427303702054
ck_64ac5e6fed86ab60,0.9988314490328669
ck_da1c853b0a061e83,0.007135446102781114
ck_9a36916b60178ded,0.9213474366092751
ck_3715bfa7fed2c675,0.0008306616905562166
ck_dd3feb77d7d4f6d3,0.00011617859999267995
ck_982ebb24174a4ade,0.04731474171786655
ck_f6b7a10d47dd9a1f,0.001697155009790592
ck_1f56fe99f250cdf4,0.011474520317794785
ck_deb3ac0606d6f6db,0.003858353524732885
ck_e666629e5a41b39b,0.0012370639706017067
ck_756d2c13d02b3e09,0.004611962578976285
ck_7bc752ae7cf5d55f,0.0011153086575664216
ck_fc0cc4b25e6a8194,0.0006608756263600708
ck_9b2b0e286de78a1b,0.00410641187972932
ck_24b0803447211bf3,0.010473167047842288
ck_82eed68d05a42128,0.009499358926982818
ck_c8a03c516ed5b05c,0.026827865220855795
ck_e914974cee1bccb1,0.003965822346380496
ck_0c533ff2d0f9962a,0.005823024572015488
ck_c12805fa5d970a83,0.010140971215690882
ck_fc2cb29918631f10,0.06648626775767688
ck_c20e89afe575549b,0.0014338559925597364
ck_e1ff9e31becc27ae,0.0617308441097668
ck_18116d0ac08f1996,0.6878761319146812
ck_885a83975cea5e64,0.001285723235869023
ck_a0c3059a959ba5d1,0.017408063184035892
ck_75257ca7d7da2861,0.041682928542956174
ck_2210f7a0d13bdbef,0.014163197924099855
ck_9cbd9ecf8374f65f,0.0012018438708720235
ck_18f67c00ba21fbde,0.0024672828386033256
ck_2d28f14d3973d8fb,0.00036138459899265704
ck_8b3401b44aaae728,0.001181232696305055
ck_9d8e9ef37797d3af,0.16215598005900814
ck_9f50920c894f64e1,0.0013915893265104358
ck_4737e0d56c6fa0a1,0.004900122391580013
ck_52c311f29ca3aca9,0.0002203018842189944
ck_6a4981bc721df37a,0.017007489090128624
ck_823539d936c55fc6,0.0005410389546370463
ck_df5aedb4118020bf,0.7570000036559883
ck_a911a066ff0f7b56,0.004341488048484473
ck_684609767df4a14b,0.018411362079984794
ck_f2350bf355dc919e,0.002805146068976291
ck_8452b6cf97c65a5e,0.005354967658915579
ck_084cd84501012218,0.3929307258159193
ck_ace6b72e5bf3e93b,0.002938668346113034
ck_2afdd69094c955c5,0.0133909236067317
ck_fa7d5be26bf7b31c,0.09292138871015308
ck_4b041217690fca2f,0.0010423717508214858
ck_9fb8e3d38cdf276d,0.9147003773601744
ck_c1ee56d65a42f59f,0.011665096473491371
ck_fdeaa1cd085691f0,0.024637380081523087
ck_5de33a7a87e9aa62,0.014574912765794718
ck_7476e7fe1ff45545,0.006182958489624334
ck_b0a947b498e47018,0.017029201740233642
ck_e3894ed88a7977e4,0.00022064594053926352
ck_c7e07ebfb0bc15f6,0.039587783739388566
ck_3a3daa8b376f2a18,0.00037128448920093263
ck_87809324c2675b0a,0.01320936430275243
ck_7eb4f33260f1dcd4,0.004403088822043958
ck_ab9f0e08af030060,0.004526235418178409
ck_5b8fc4a76f340797,0.006853627772147292
ck_0e7bf10ef49aa818,0.011385959575804537
ck_a44462a3853ac67e,0.9975044287560703
ck_2d14bcd2e0fc043d,0.0037769219600640716
ck_df1f2dba802296be,0.9846603933857244
ck_466a7316eaf149b1,0.005814484539063055
ck_50df50af592b0c06,0.0020934132801523927
ck_5f9e34c849704b95,0.0004962893167610287
ck_7836bf6def26aa87,0.005812271775750135
ck_ba175b1bd8efaabf,0.0005961899786419827
ck_1a0aac7f7b94b1be,0.08959751014189307
ck_6768c4b2aa8ce586,0.0045691828773157155
ck_eefcf0ed15897898,0.0023928973421914437
ck_7a6cb27e390b6ceb,0.006566547621094038
ck_5275be4e1577c1c7,0.0015746078028927226
ck_6bc0e5b8c0b7d2bd,0.007669058606686044
ck_4874bdec79f9106c,0.016469725028092085
ck_a678731156ad7bd2,0.2558416295662697
ck_db906debc36a5d1e,0.015412026652669459
ck_e87897767c612942,0.009005960104407077
ck_45ed5ee496ef8a67,0.0019834880715504234
ck_ae20e28f9854f3ee,0.011814621380378785
ck_9ee044b73943a90b,0.00816154421454325
ck_dab34cf6f0626c9b,0.004849250939996984
ck_64a02b7b96149810,6.373010038342714e-05
ck_c417d06f3e94685d,0.0006853415939363677
ck_3e0149cdee4cb294,0.004459934454644696
ck_0e6046fc30f81705,0.0030024589909329485
ck_c383aeabd53e9c89,0.003131893403634715
ck_2ef76f1f36e8b869,0.02192941836866418
ck_43948784650bb9ac,0.00961896543188774
ck_bdb966f43ac350ee,0.009984466657275249
ck_5bea0e0ee0b094cd,0.0009016367113931559
ck_dff090f03ca5529e,0.0005848265919227384
ck_a4691b57f837d88e,0.005677391405695515
ck_99ee90946395d74d,0.9902445822230698
ck_cc81dbc83a8879fd,0.0015749807989276718
ck_f3dc0725621b3a35,0.00036278760054609993
ck_1bb212d1288b9689,0.00885889605041702
ck_9e7278fc7679f002,0.012777682125567635
ck_3ded7a8720d7e311,0.002129502567427404
ck_798157bcdb9453e1,0.00032303429700795446
ck_9fba80f56f357fe1,0.00047905473453249865
ck_f1e1c8491f16f912,0.0007487510227947919
ck_7b1319a5ca2f63c6,0.97431292128626
ck_124432fd5c92af7e,0.966365474925119
ck_148cb0c723284dc0,0.00677850573757251
ck_b56c62c950eda009,0.000648976183231701
ck_a0498755cd8d7188,0.00012555279419561668
ck_5379452a9d74efae,0.0021140848269376343
ck_6c2453229d608183,0.006904821387066495
ck_f9d8b4813a88c1e6,0.0011929165352018048
ck_c2c7d1e45a521857,0.021764300319277802
ck_4364a83a11743888,0.0018629875876759704
ck_2cdf5fd97ba75e06,0.7668175478795436
ck_71bc01291e0533a0,0.011547883847652813
ck_a725d7aed2a0bdc2,0.00023994000457850992
ck_a9b0c4dbd7db6a91,0.011149917698628619
ck_a4258806a533efa9,0.005460135729805246
ck_905e460591d9a278,0.02423486451680926
ck_20de8abfd8960ee3,0.006477844133814874
ck_252b0a0f1119b220,0.00016417549141211428
ck_95e4bef65c36af1a,0.00011043451479873395
ck_5ab68b434ad53fea,0.0014479851176910702
ck_13677a1957078827,0.0003239165521483052
ck_d251e9fa09e542dd,0.9998537053911669
ck_700cb620f300dd47,0.0009912556236470228
ck_39a68c55a1bd3ace,0.05550840119965057
ck_61a59a7944d6c53e,0.940234947675043
ck_db6d1c6d31da967a,0.0036015456608559844
ck_650020c500b1b50d,0.002588297217755026
ck_d812eb6930192793,0.00018721106490349865
ck_92f6ebc11ebca89b,0.06170000641078904
ck_d87e26eb5bc84b01,0.000475307869349489
ck_66439e697695224c,0.0007627801208687073
ck_f21efd504faa654c,0.0014622143869739265
ck_15eed0f5652f0352,0.0005980713766497388
ck_bcdbf57d98dc0d27,0.03388269540480378
ck_873ceb8004d3a9f7,0.03977474249017919
ck_70bef9ddd4bab005,0.0003518672388712359
ck_7560f1891d66f294,0.00015351022638045256
ck_f439f16f8693883f,0.012011251893634972
ck_14f9535e53f9c7a6,0.0024748200600131698
ck_5984be472d2bc267,0.07879827221549536
ck_ed01be7504dc4187,0.005294816147618145
ck_dc3d8b5c17b67ae9,0.0019260459451087575
ck_9dc23031b6b494af,0.018155267475917343
ck_fbdac0221bc03f66,0.003006210991274763
ck_863708a99b92ef0d,0.023407093031848326
ck_22b52654776a1ea8,0.9976836947056231
ck_a0714f98001efa0c,0.0070547224508680905
ck_9c56114f84e9a541,0.0005602481230703781
ck_e155cf506b2fb699,0.00035137975198480914
ck_65ed7e72f24731e7,0.0013261162109568638
ck_822d6e8e43befc72,0.996521865244436
ck_b1182471d9ac6b26,0.00026252395303715025
ck_821446adc95e6da5,0.005342295026162475
ck_ff182f033134dbb8,0.008988855069779563
ck_9c5feef7647b0588,0.0005583295948126088
ck_df935d8bdd44883e,0.004091185912271203
ck_01eb24c18ad11fca,0.056035409438630314
ck_00d6730134a1eb51,0.007182911891590373
ck_79ba8e85678d0224,0.000985954426016586
ck_97e3b04a1350f6e4,0.006137532591366267
ck_74e9747954a46eaa,0.001334170847612786
ck_397d5fcc9972f909,0.008139679735253499
ck_9ede89e8a43c3f53,0.015928117027344233
ck_303b33910d67f306,0.0008894777340203305
ck_3c17841636f6f7dc,0.002262529742309948
ck_78730527f8ba1438,0.010016342130129367
ck_5ee32bc6bb5d1d4c,0.012378795206168195
ck_a13fee8cd925d0dc,0.0016616636118617027
ck_6f847263379f2e43,0.013567716932918389
ck_9b9d9e579e7b55b2,0.035195271726491194
ck_87c1d0a79e79c84b,0.007735959991451861
ck_bfc453eabb472f91,0.0015116892705319951
ck_978c21bb5fe3171e,0.0196830905464576
ck_dd882323474431d4,0.014958836312324133
ck_533c4f7400d5ab22,0.06250549369332425
ck_5f217bfe28954e75,0.9852787173370212
ck_ae96d35465b3b4bd,0.0018422076893388547
ck_512ebe97c0af94dd,0.019792660009038184
ck_f558fe02bb0219b8,0.0033398609792234233
ck_84092e23d5ef4d51,0.009748714619805738
ck_17d3022ca12eacd7,0.0012106350977659783
ck_8a8f81bf3558fd9c,0.0009116824948386494
ck_0ada6fed1864e7c4,0.005736877194572996
ck_21fe7bc59dcd78fb,0.00454322250243847
ck_e136e20c1c74fe38,0.0021551654268451305
ck_e7a530e09d113dd7,0.5758922431447733
ck_7cb0c9ded4d63027,0.009244438523175033
ck_102db9615e722c9e,0.01020895752077741
ck_129e39ddfde92eeb,0.0004931524961717558
ck_d730ff21bfd7769d,0.0021537678389362044
ck_54459b45d2be8459,0.0002455554890561036
ck_7f1c20319eb60aa6,0.9993595340713544
ck_939fede90473e412,0.0006325349665020592
ck_e0f9506a6d5f4a1a,0.0006751548060974352
ck_9a4967cdf49265cd,0.16563616717849436
ck_b9eaf03453ac7d5f,0.0002805027899225324
ck_522477be6376b450,0.0014595395695663669
ck_9b6282e3bad50710,0.006747944853386303
ck_a0e3a2facd508e49,0.007048482355947167
ck_97ffae702f7c3d08,0.00048547897104263044
ck_344a95cb7115ec67,0.0005404419540809785
ck_1f2760764afa45e8,0.002733277249108216
ck_720cd658d11ea428,0.008982705282075119
ck_04e32ee9834c088d,0.537323908301836
ck_2bb1389e5e72c8f4,0.04614371534297136
ck_961e7dbc217cfbbc,0.000560057171591935
ck_f3bce4eccfa6d6bb,0.0012087465108653998
ck_e0ccfa0d689339be,0.0031177612303441068
ck_98217aeafa0bfefd,0.005630053089575043
ck_a02aeec1914c158a,0.010723759540952168
ck_20a17e8f206a14c8,0.00845809831352413
ck_114c32aad4b6183f,0.017721358543328646
ck_79f5198f0decef20,0.0002432004340951578
ck_2209de229b4c71c5,0.020429852862546158
ck_6ee939b7f396975f,0.0016448128580301067
ck_202f0c14b07ace01,0.008812220704817297
ck_fa24db9d416ab904,0.0008866045324577724
ck_cf6aa24b92c4d33c,0.9757591866246292
ck_45f57fb8194cefc8,0.004705697370144702
ck_d5eb179dc45394c6,0.005784998375181033
ck_efb24be983342f75,0.0007992992049884457
ck_245f5d62ead5ef28,0.01387286208766263
ck_15fe2a47fa7e92ea,0.0005905966411316232
ck_b6527a85fd682554,0.0050667366648784766
ck_11f9390a11ce9ff5,0.009252398659339071
ck_ffb4d892c5158201,0.0002298087682096495
ck_d4c1da5a1427fd6a,0.10908095308920676
ck_2c041b1efb1c5063,0.0032047599395207764
ck_ecc18f40b33be769,0.036419804969499335
ck_0525349f3945375b,0.03874392145592236
ck_0bfe62e0c7eab9c9,0.0025039859424726323
ck_b7c37d410b1646c2,0.00699774724558305
ck_4b15b0746318cf42,0.025508035028073806
ck_e5ee006ecd8ff661,0.04212437957520232
ck_ccc83cf66365357b,0.015358269896451818
ck_34a33ffe8339f66d,0.9446067433940941
ck_4e39e3b165edab58,0.5961150116009354
ck_1a71f8081ae00190,0.9742190095241459
ck_ed8f1200fc049c40,0.9724910968345002
ck_8a5a57858e8c77f3,0.016683513159272197
ck_fff9fdc2adf5100b,0.9490269942848597
ck_c76f1bf40f3b787b,0.000522288129581601
ck_1a6ddfeef82b1b1a,0.002526243302747129
ck_478d2667aa9896d9,0.0046913515990543945
ck_641c8e7694b21f3b,0.007850017334422671
ck_293581d879f6663b,0.8231720305053359
ck_1bfa8abdb22be8f0,0.011397009243926478
ck_05ab5b03d0bf9ce4,0.10234463689921532
ck_35694db37f0cde7a,0.0005230105213861814
ck_fe33eb743d714c03,0.003854140806881476
ck_abd10fbcbaf2b038,0.0033865927427868996
ck_46d51648c1bf80e5,0.13874589118061104
ck_5c8390017fabfaef,0.0862707728381265
ck_87d55ca333f22072,0.0002183230868108346
ck_c39c6a1453e2b92c,0.0004203984941804885
ck_69ff1b0aa143a168,6.436958606631032e-05
ck_e57c79eaab35ded7,0.001821521049548372
ck_463ae759e2b6ad1d,0.027197943276743082
ck_0dae4a7eb587f3ba,0.0035738956799407176
ck_9b12fb56529ebc4e,0.003612603908951714
ck_1af547077ba2dd03,0.052964143766217095
ck_de13de941bebc7cf,0.00012439397514538473
ck_83dde7da2bf647ac,0.00012241021283294237
ck_c80a94d4660041fe,0.0607684266101316
ck_f39cfeb277ef6528,0.0002945352786251791
ck_1cec1ed1512a2d3d,0.0001429790622252255
ck_7955a359b6448799,6.735722312672827e-05
ck_8c0955dad13c3ca1,0.0013321010089703093
ck_6d4cd2de601a2308,0.011463941347809606
ck_f4536ba8dd2d551d,0.0044542527365111035
ck_b379c198d6db2d62,0.0032152755030224202
ck_76ea90ebc74bcdc7,0.011879130523978893
ck_734f06bd4aa92781,0.003962623408665009
ck_677e1d0c14cbf569,0.0016382180463581045
ck_259271c70f3fbcbe,0.026562809565675
ck_c0b744eb9e7d4eb7,0.00875087615762148
ck_3d41faeb96802f68,0.0006078573443206685
ck_8f604fa70fc3c8e3,0.007296807379438814
ck_0b3c3bea0e0ed339,0.0030242983298841833
ck_be5df076b8a86409,0.002251531121360645
ck_6a475fe324d7d790,0.003632898155973889
ck_3ba3fa5387bacee8,0.00012815809549121
ck_324b9939d9c1c31e,0.0011263332802486866
ck_a7fcf7b592f68ca1,0.008821953013615493
ck_5b2728f7cca414ae,0.00019587510185269902
ck_5f4a25ffd0b85a47,0.004897464051120172
ck_63d4f5076fe4406e,0.00042066644288406876
ck_af528d66c86f0cb8,0.9227381298810432
ck_ac7cdb9b8da7b5dd,0.005524319159646936
ck_3bece63711407e25,0.009423260642951395
ck_d4e0b2a12fcfc35e,0.0031812135663781852
ck_ee3e7c9d3a9c74b4,0.0665278965703526
ck_50d7c4dab837bf66,0.005535581570793751
ck_ebcb93a2990fc914,0.05169040985432766
ck_2329cc9702cdf7a0,0.01371221897646637
ck_db1fa53d588bf99e,0.0011616859429553347
ck_44e57a0bad5a0745,0.006958369292969692
ck_472c81a144f4631b,0.00047962443110073264
ck_1658429acd5306ba,0.011487649216547454
ck_466103ec5bd9444b,0.005223532046628095
ck_9757163e25262b74,0.009278699193129425
ck_34ed59bc2c9b0186,0.0017349515624629486
ck_b7bd3a7f263f4f29,0.009581771221852591
ck_149662b09d632e41,0.013971646716869856
ck_a9ffd6b3957bd41e,0.0009711757723411009
ck_ab80466ef615e85c,0.0007231250613173119
ck_f2c824d3473db24c,0.004145753116199084
ck_a4a01fd45936b078,0.008532167290004371
ck_8f6ce158c2902877,0.0001292126132394939
ck_5189a302cfa7cefd,0.00010981647395151132
ck_430a3d03be588201,0.0009009502748428952
ck_b5f9dd00914b4db4,0.0023803570668848827
ck_52dec82e9cf6135a,0.0011301296362227241
ck_95e444a01e2ab4a5,0.0011826926950273737
ck_e37cee7b123692af,0.00783303894626462
ck_d68d42858a55adff,0.01149196043047503
ck_3abfc010091d679d,0.0033795412778240075
ck_cee4e4e1b62bf82f,0.019769406959426597
ck_9ccb17c35e636c5e,0.0030852561617293606
ck_f72a5a3b0d6c1177,0.00017444975068124855
ck_7508aa554fae6afb,0.004411587427350056
ck_003aa842b7ca1d77,0.24873655781650297
ck_83b2b192f41ee2bc,0.0404852364879126
ck_64796b6b2c3c7f06,0.03046810562353961
ck_6438ae81d43cb196,0.007242399301146717
ck_2bd73d9098504760,0.011050913329915469
ck_aa8b9b36a099e4c8,0.044991339121735384
ck_e5ece47d0dd10526,0.005518610774071993
ck_16077ac345472e6a,0.0005951448958191614
ck_a4d6e152b0076964,0.004495351782050971
ck_d90b1d03ae151f62,0.011122806998221796
ck_18b36d342b530af4,0.008432779167204548
ck_2a01e610348b84f8,0.04639263766621895
ck_0a93ed76bf36c8b6,0.001934837775126004
ck_3d56b477fe2370b6,0.01235609138146898
ck_17ab3068fa303682,0.0012434382373539047
ck_592a3520d841d11b,0.014105645893904058
ck_84d07028b5fca2f6,0.006768083149061013
ck_f4a2bb10afa85743,0.0006439026119905852
ck_4fe4b072f03f2c1e,0.0009217664847313191
ck_9ad08fcc183ea1e7,0.0004183233894868115
ck_130d3848b9dcdb05,0.00087601104315914
ck_bb399ed6bf28c230,0.008510293773409595
ck_a31a64a39a2c4941,0.0006548363345806621
ck_c49f25dfb39909cf,0.0027860772902405053
ck_55f50a9ae2db8ff7,0.001282048806428972
ck_09faa4e771cf876b,0.0028848600192929582
ck_df520a7a6e405889,0.0031978164940447583
ck_8c8c98cc694ac900,0.011880850375054448
ck_7f0c4f609673ef62,0.0008042695256430209
ck_f51fe59cd445d2cb,0.0017657031847706287
ck_b3fb83f0d772a831,0.005024586022268169
ck_d6e7e257751c299b,0.0007671696955476334
ck_0d362ddb4a1cb6d4,0.004323155222200385
ck_a574a08edaf81781,0.0002175601786008928
ck_a823f5bcb0e4b9df,0.0003203265881364633
ck_f792586ad0381eac,0.00961000599385498
ck_54bfd70022c66983,0.0014964396609261916
ck_fe0a9372c9372de9,0.0012800057622442953
ck_5691cd6fdb6d8147,0.002455218735357456
ck_a95f212a02433d23,0.0004948671720817634
ck_f5adad75e1c06731,0.005417259259429566
ck_e09c97520eb0533c,0.02041183088029095
ck_a1e13c0d58560340,0.00040063279686118164
ck_cacc2ca410cbe80b,0.022077810341042094
ck_c0dde2a6ef1e08c5,0.0007326649264318921
ck_a04403073c90ce38,3.0504139360801427e-05
ck_03d3026107175dae,0.015048103064050872
ck_50176dae5b1b716d,0.000657689577845275
ck_6c084bfcb38e96c3,0.011747527799399719
ck_36d2be9012f7909e,0.012883750967893019
ck_958acf84c6137a22,0.0037048424247053706
ck_114722e12db90a73,0.0074361505827325106
ck_203c2a22c0c165ac,0.003796306477849634
ck_2c44ca550e5cfa82,0.004483484764213475
ck_df0a8f20ab8f14f4,0.007572474345035385
ck_826a27ff7555192e,0.002517248818934237
ck_09a988ebcf062297,0.05193427771156188
ck_5c82444b3b9160ae,0.007040494933151842
ck_f6a4a7ed27fe76fc,0.05335229164913968
ck_17de46314b5c6a92,0.01013493235012139
ck_335e63101b1e6c4c,0.15475944550780266
ck_c5eefc0697451de9,0.008330994599494128
ck_49a0efb5d4067b6f,0.029110245799143092
ck_c1f4509c8f5dac5c,0.0032473654662254934
ck_57658eda1c59bc52,0.0005498906018812227
ck_0d5c0736ec76385a,0.0002007385304132242
ck_e0239e6ae30795a7,0.020492033920557384
ck_e4459115cd8e5e4f,0.015684911786559
ck_bb4aec09d4968dda,0.049958531541927385
ck_a1b4c96faed3e0db,0.008535024382386527
ck_8247b79ac67aae7d,0.002251689664227515
ck_fe2fc7d6e5d83f09,0.01729179819910643
ck_f6aea576cde8d592,7.572131439818689e-05
ck_b7e7f7d0cd886412,0.023274095862591278
ck_ca7b993e8286af7f,0.9323502259883488
ck_47de038381a9cd65,0.02193913602665429
ck_d38f941d09eec820,0.11117556394995812
ck_d9ba2a6c0d926b4d,0.0007849901272240075
ck_cda72f597330d0f3,0.0007496050255473404
ck_16d2d27fadeeacf7,0.0012497325826797694
ck_be05447853d423a9,0.00016412100400612853
ck_cd92852d7376a4a8,0.0002801331866126646
ck_2faf7ecccc9fec58,0.0002559636339839073
ck_db8733fd92f20cd7,0.0012770856226776944
ck_a9989a3a94c26634,0.012152110743953356
ck_957fb25437c75e41,0.026232382856956123
ck_e6a6caf6e7de17c2,0.0014105101508399304
ck_f7bc569b37e8bdda,0.007946571097553532
ck_703b375dd86a6124,0.014659321627953345
ck_d3cfb3603f2c6ca3,0.013056065043440071
ck_07cb2b6f2a4303e1,0.02228824795648362
ck_31631e2028d4f855,0.0045630851013902015
ck_1631bab0ba1256db,0.007921476827185109
ck_5fdafeaec036f016,0.006810160550344944
ck_6eda4c36aecad602,0.0015550864449741214
ck_bd1bf9e3e29de281,0.007597548542652236
ck_bf378ea558a4125f,0.9795544102232834
ck_7aa2deeda0e57412,0.997094646113899
ck_d229cf7f5a3f38ca,0.0009125868705475639
ck_9e109edd124492a5,0.000816057760535964
ck_779491819995625d,0.727489035882223
ck_b89c6fa2ad0a12f5,0.0022432496134207123
ck_1d01b4a609918c4e,0.9230206013496577
ck_714c5d7cb17bc9f2,0.0002689644964212532
ck_269f1746f2609ed4,0.0026178641903436065
ck_4be03a2aa62b93c7,0.0005715803470621719
ck_cf920313f6dd28fa,0.0007924563602255167
ck_fb00aae4e17740c5,0.0013751645233829896
ck_085d8c42739e2b10,0.9956466554903118
ck_c72a7d0d03cf3e17,0.10826366680208813
ck_8f6ca5d3b17eac6e,0.0001669238128984652
ck_d9573100bbff4014,0.09755310370886458
ck_79d6793d1d0cf43c,0.00018168922083788402
ck_91fa5032f7aff0f1,0.08726416489583154
ck_87110d84872c0fed,0.0071841943373287444
ck_8220da627e9992a5,0.0009209655078364954
ck_2ae44938847f3852,0.0031500093458718126
ck_b0f191e44f9b6f35,0.006225498787073129
ck_3049d744b527f4d0,0.0035328273955554297
ck_47d3e8d1dd3fbcef,0.015031184819857563
ck_ddf787359d2b5deb,2.7595760143559204e-05
ck_b27a9e39726b26d9,0.0004866342427856891
ck_80c4e9274cf976b6,0.9977458169600132
ck_c6afa913168ce8fa,0.0013070730459529187
ck_52427b3f8478db19,0.0064252445437762845
ck_3b810f15ca0eaa55,0.0014999270457814442
ck_0c9e420f97baaa06,0.7865957669041965
ck_f8540cf3a8b2f8c9,0.01887865181957874
ck_1402d24dd623df72,0.006775330909446852
ck_eb4f4267e24d042c,0.0007497558809756609
ck_6f661b428d6fb8e4,0.012683359803021238
ck_519a26ecf3d29c90,0.0010014294469046843
ck_e886ba71d4a6fd73,0.005305456832674846
ck_437f9ecd2016a1a8,0.0034018326949738107
ck_f01af1b0c977cc06,0.001623658430160449
ck_614f777c2eb5d537,0.0009514634690733536
ck_b804e784cde9af8b,0.002909648944136925
ck_c2dccbc1b24b137b,0.9821375376392198
ck_1df4a1781a0f6999,0.0034651264303598274
ck_bd2cdd53fca26171,0.008043391076885325
ck_424c254249a109f0,0.003043106581107758
ck_cf2ca4f286e289ba,0.020216433149887723
ck_6c33cb15b0d8af54,0.0023916756349251058
ck_311d395fa9b8550a,0.0022753831047252425
ck_9f792e7e721ff7f1,0.0027195701927353673
ck_4c37586080edb7fd,0.0005137793024326622
ck_7c4f42c5397113b0,0.0007040554060777391
ck_fc418f53ce4aa579,0.9953708668875724
ck_1ba28fb7ef726ce2,0.0010832813243602485
ck_d932f98bf6b83956,0.6305347964711006
ck_248b3659a9239240,0.005021385346297934
ck_6a92cf5f4cf5de38,0.004550758014698929
ck_65519d0fb137e0c5,0.0028728482055882256
ck_ddc3fc99eaba2064,0.036589091208212104
ck_7310cda3bc65a73f,0.0007383418543866006
ck_c01c85bd631d4054,0.0006165558744918493
ck_b4954d16b9749829,0.0166955771092035
ck_f301f6758e170d66,0.009166994864490467
ck_9bf95f8c47e7c7b4,0.0012753557450989259
ck_c91b7fccf6aeb4a5,0.011294697072196783
ck_785fa45e86bc5e95,0.0025636626790352572
ck_2a65f1cc23f1180e,0.0012592504660695132
ck_a49a2c1f881a3560,0.001316249757976505
ck_def344d68f06d749,0.007649863053766687
ck_abbd1465fc730d78,0.0038819845120413128
ck_07a5610ed28162fb,0.0038320605723778005
ck_7ecdee2d7127be8b,0.008462689819077603
ck_67858bc00e81490d,0.00013611712879337172
ck_b4ad165ace910222,0.0028129631525152564
ck_30753ffe481a1b8c,0.23733002736885603
ck_c401a26725b17177,0.00011420974319218447
ck_819988d8a7f26415,0.002770259776237986
ck_3364a1d9261b3638,0.001950351333203278
ck_c484c5bda389bf20,0.0007263991354275398
ck_ae416325fef92c9d,0.983094395198999
ck_5517b9a865960542,0.0008449332495141983
ck_a0e96fed380440b2,0.0021423727145664516
ck_e83409471d2b0b44,0.00938437410401524
ck_127273af97d7827d,0.002070103105955244
ck_aaa9861c91bd14dd,0.002079375292292549
ck_a378c58294001a36,0.9750106668574754
ck_abb9d65ff1f95b64,0.004856542512325025
ck_a5ecbefa849ae569,0.002928793308891324
ck_aa9953c0ca2bed7b,3.916388438484108e-05
ck_40bc6de252865f32,0.0013726409184931835
ck_9fb11688dcfe1513,0.0012438497258982853
ck_ba68841ca2ba073d,0.0058777051460547096
ck_1d3e561a7d20be0a,0.9990512767744756
ck_99a92d710a29c1d0,0.0003956792211754349
ck_ede2e887697ffac0,0.0004235220416561068
ck_e6de67c0d82a7b83,0.0027360610382871774
ck_6b38763bf5ddbcef,0.0009222929265194824
ck_8dd44eead7d765a5,0.008512451806874169
ck_30bf5b0056eea9e9,0.8232773847372018
ck_2981d16f8a51a8ed,0.035757391310134404
ck_fc60f42c68c7024f,0.010347474498937113
ck_8e2b2251ee224aa4,0.0035312777345507763
ck_1906f0dfaf6e9bad,0.9344672880760345
ck_dcbe6814fc4ca0b4,0.011607343777433828
ck_f7e958a286ae3b57,0.0019717542201145937
ck_713649668a7ca824,0.0016978710765996631
ck_6f73cdbf9305e2ea,0.00891111890759996
ck_dd1c490050cd9051,0.0036569276558710935
ck_e30db36e376606f7,0.057621005086804865
ck_740d8fe8028b5a2e,0.004043210938568456
ck_ebbc9418cd41f692,0.0009384261854103569
ck_7b3cc6cc3f250f39,0.009803494215205929
ck_1d30eef7110809e5,0.11712738554722416
ck_77e0589ab339ca66,0.0016878513726321712
ck_15ccbf8ff7d14086,0.005716601416650456
ck_246989b0c288664f,0.01352133787619233
ck_fc2a6e27b10b10e9,0.0012508498451350026
ck_8afc1112c12f5402,0.0012434116692941677
ck_a76e8d83b9141364,0.014822445113771527
ck_51d3e8dd7465c015,0.0002143362371938524
ck_e7b4016909405981,0.00019365883830748062
ck_e7a3cfb9bf908e80,0.009921258758884183
ck_2bb49dc2388cdc1e,0.0002972908473849668
ck_94f4266ee7871345,0.0004803193903204285
ck_b2c896beec146477,0.013536198727358732
ck_fcf5d4a4748cdd53,0.00121496486827492
ck_fd0483639811f62e,0.01522799000430336
ck_9a21d183524734aa,0.038614669250407546
ck_1df4b46c0a4c317d,0.020188161287570457
ck_638df9e8a22dfe0b,0.0013211328576096608
ck_65acc43a6dc3e65d,0.0016407426566368752
ck_7c67b73196e3d0d9,0.002990295844248367
ck_b0ee3a98175b462d,0.000472947703395289
ck_20fad010969f1abf,0.0013830897239403425
ck_54b087bd873af8b8,0.003730161046282493
ck_8007824431fa803b,0.0006912302729587127
ck_23aab322810b9fec,0.0023431928432870205
ck_c8001bdb9aafc8a6,0.010828981420143338
ck_3a34c3ac83cf84b3,0.000927476808029146
ck_60187ac2c473a662,0.9968703232512341
ck_6a0ccd7357979f0f,0.05604979891606783
ck_27f20337bef5ffe0,0.03574294204666819
ck_f9fc468915afe49c,0.01376689906298063
ck_1eabc15a94bd9009,0.0017666396151710978
ck_26896c494b2768ef,0.00225133681692627
ck_348c874eaf0354f4,0.02331293387304259
ck_be9c46acd216b45d,0.0026862437289413327
ck_a3cce46d15cc20a2,0.011208835053561557
ck_70804f60d9704128,0.035493938297321385
ck_a019151ca8e7527a,0.010047880354415614
ck_571133b2aa8ead51,0.01787643443920566
ck_0afa4449f20d5196,0.002858761748721075
ck_4d503c41cf4e5034,0.0034856632181167477
ck_d6fb9cc5171e3e9b,0.9104433075288899
ck_05ed92a7c3e10e5d,0.00528199804039257
ck_bfb067986660afe3,0.050455317310414784
ck_c1a31690c8573226,0.00044406634872506826
ck_cb88ef3dc1f42225,0.00021958568578303142
ck_21e3b3bd998745e5,0.00043182685446316847
ck_cf52e46fa54e4540,0.0004148295300396905
ck_b72c7ac4208052ab,0.0031523439086198744
ck_e6465c56b337e6c2,0.001772356776305163
ck_5f87eb05d18186c0,0.002013359340721903
ck_263f6c5ff26b5e98,0.00030036602166371335
ck_e0b7e2c0bbe228d9,0.0006978848128047001
ck_b657ae3c146cb7bd,0.00025756466237954374
ck_abac514d8167ea58,0.008583606491733873
ck_024dcab126876002,0.007153659603768825
ck_5d8481e2b38bd99d,0.032960316864781354
ck_edf229c17d25dac1,0.019372674311735755
ck_6cb7c97b72d6b5d3,0.0021078181522067767
ck_c96ae2c28086a059,0.0019260827422758152
ck_2f241b97c0f8389e,0.010031036754938221
ck_9158bdbb63ee8987,0.0024640858476860364
ck_e7b40b60786c1530,0.0012325190306793988
ck_66d38518f68e6194,0.00018429605014034118
ck_8c9b57ad2a991416,0.0010321454122788037
ck_cc91bd7152d3e9ba,0.0036789082875482854
ck_0d846660c7957a88,0.0024016343715000917
ck_60896cdac2212bea,0.016098769773249942
ck_dc4db8b932df49de,0.004867068376417158
ck_2dc31db181150e20,0.0006808834117648084
ck_2f138fce1171e277,0.02073650763240969
ck_68b8b859a6ef505b,0.006206762522302329
ck_c3fe0c6c5e1f40f6,0.0017477884963371733
ck_15886fe84866de92,0.007988423574578043
ck_ea269b35406473e8,0.0002716763235209546
ck_3ce7cad1f69b71d6,0.00129471283874397
ck_054ed4288ee58d6e,0.00906337913942108
ck_3d4913a86f207fee,0.018248241959605584
ck_23ff85f9d2355e8d,0.006581906796376193
ck_d87ab3261322216a,4.1328437632023564e-05
ck_fac046ce336fe39d,0.0020038416496582375
ck_beb97e498e6cf8e8,0.006462377314817277
ck_1f517e0ebf397b51,0.0030147372217567024
ck_0af57ebaa45877a1,0.001991581121197482
ck_f99bc1732ce5e999,0.012164146267628443
ck_abb056a9deab275a,0.011090759141741565
ck_0bfc394c5faa65cb,0.0007387434000200344
ck_ddc865af1dd5670e,0.0030997345641201922
ck_68b5542459638b56,0.40886134247309436
ck_0b1d84252c0b46c2,0.0001850367156854591
ck_520ec32c4f253604,0.007837820183725388
ck_79ffcfee599d77c7,0.00653092709555719
ck_eb224c0fd146253f,0.04788312715701617
ck_0e477084434da450,0.011245085987498118
ck_07840bba5570785b,0.01715689899452558
ck_6b67fe8e310ab865,0.012947610476325182
ck_e2a1068c2fa22525,0.01698852199262209
ck_b9c6b32f6bd92a3c,0.007960668205757833
ck_c1e7d1021ae58f00,0.00039153013592035447
ck_5d7801201749ffde,0.004799118723145377
ck_c8806749e263f70b,0.00016382528844884785
ck_c9eeab826781dc91,0.004408255631841529
ck_309a432c160a17b3,0.0033648500026616144
ck_b22e3337b8e3dbb2,0.0017446955951555113
ck_79c30169c71b8033,0.9118326308081783
ck_5a6593d954085775,0.005820306036554061
ck_70b9b79ea1aacba8,0.014082271109344796
ck_63743141ffa11f45,0.0052643924134326845
ck_dfd3dbd0d97a642b,0.009570078386496688
ck_635646a661f05b4a,0.0016935062461151326
ck_4b123d6931b6d0d7,0.8032154485914917
ck_f2b0e7a47f442557,0.9962377879516948
ck_1b1df006b81d38ba,0.001680277497766286
ck_360237c1bd30f4bd,0.0003041149207312863
ck_5e84bca0e362da20,0.0049591068369822895
ck_142dba210ed2f3b5,0.002070671115302853
ck_a3564236069e3524,0.29377616054143696
ck_cf36d8b070ded782,0.003704751590094782
ck_ddd6625c5eddad70,0.0012276445936389123
ck_ad54292a0b2f44ef,0.04919225815687406
ck_45cd5ef6b359e9b4,0.0038851909041466093
ck_982c2392238b7be3,0.1446964609097757
ck_083e4ac78685c3bb,0.005590760575265065
ck_729cc0b46cc2e546,0.13329822885869347
ck_f2b8995fe5402759,0.00035472815971753787
ck_73e24f5a8da289b3,0.023219150499912262
ck_bd85f30c36f5998d,0.01100483759044613
ck_ee4ff3aeadf912c1,0.003569855515333032
ck_63d2978706e193d2,0.0016296058132762212
ck_6a0684436a1e66c3,0.8974883874263195
ck_182dc4a2f5a366da,0.00029277168583392616
ck_e6fecb82fc2a82de,0.002242052722130597
ck_cfb06f07394dfe64,7.855808760559905e-05
ck_7bbe1dc8add17ef0,0.006521592490855483
ck_5cacad76e02c8e3d,0.9975968471475495
ck_ca68dec0c7df5a12,0.0013328586876899448
ck_e4c0fc52c82065d3,0.003928711026977611
ck_f9197b070416f443,0.0010855533245246241
ck_2a07c7021b71cf65,0.017378643117869307
ck_4fa85cebf707de2c,0.00031433218905339193
ck_0063d2a9507467e5,0.001210844217256311
ck_ec986285fff05b7d,0.004209869863579765
ck_279d43303708109b,0.0046306785630923
ck_a406bf11e48cf8c5,0.0481663926967242
ck_064b2aa3f0bfdb6e,0.008226144462354305
ck_95790440bc4bd2d0,0.00312437749087617
ck_70066eea13b4c34f,0.003983046233183773
ck_19468fe07e26f992,0.9959741574269007
ck_86bfe328e0a533b9,0.9970903498799218
ck_ace3b96c977a7560,0.29356488471481224
ck_642344e5c652d8df,0.019146349588234034
ck_074be35c951ae10a,0.01133248677612668
ck_f14dce41036486a3,0.9996456249280415
ck_5cf67a3a747e684d,0.007926577721621957
ck_f7285b92648c1c81,0.000781587717050349
ck_bef3193f124fca5c,0.13160335701225762
ck_05c4dcbb45de1f8d,0.0019419350714097593
ck_d7c28eaa05bb7144,0.0032343855448850544
ck_320df984791a1b99,0.001970006072546137
ck_f45bad1606fa00a7,0.006439737226201249
ck_6f81c199e986d9fc,0.002358416164075997
ck_d0c9633fed57c344,0.012489105920346745
ck_a3c25d6cc7478068,0.0022932508766103435
ck_4185506d12cf9fa0,0.0010529969311254101
ck_7a02ee1bfba7353b,0.002562249690589801
ck_1b52590757c0fbeb,0.007776303594461148
ck_a0e5656e1cf9cbf5,0.0007107165872122162
ck_ace21f6daef94f6e,0.0031527738442786403
ck_646d8d0834782d6a,0.05917584726486273
ck_1f136a4476b5e775,0.0020071453000515254
ck_325c7643cce02da3,0.005857846050462573
ck_9b5e7fe28208f5d1,0.004747945912996586
ck_05d81b1a150f31c5,0.00024952709540737236
ck_0e9ec486bff403c5,0.005498631958176055
ck_ee13c091bc379188,0.005547396648205647
ck_f7a7f8f5903617c5,0.0033537469604579344
ck_96c3a3517153390e,0.003042453389973456
ck_538dad7f096458ad,0.012676416316249235
ck_8758fc6622bbb7df,0.004721699588184373
ck_f7e53af3c91fec64,0.004579836599379556
ck_80b50fad7f255e1d,0.0008749636815783852
ck_9645e7adc08631b5,0.003870280752272741
ck_e007aedbf37d6ec7,0.0031996113303805
ck_2951d76c41de2569,0.0275221976555112
ck_9439bff87e616d4a,0.002763348316086122
ck_a73045e96af0e4fe,0.009936134735917094
ck_7b382e533e2e925a,0.010356822526762939
ck_730226c2d216cacc,0.0030630015560986906
ck_bdf837d761a7cec2,0.40636990898086356
ck_0b34197335ba3341,0.005127540908311617
ck_49170c4b31a20f5c,0.0005904295772242053
ck_cd553ba6589d8bfd,0.004200359578464454
ck_56b992c6f136fa5e,0.02527927758719257
ck_8beae3d7328fa41a,0.026637072223911606
ck_1a065ea906ae3d6a,0.0006575734141433781
ck_e9e3381d5e0e5051,0.0009500292496668865
ck_a6d4f998dadc90c2,0.7857670475684727
ck_d36733da917115a6,0.013355492096748727
ck_e738e920bbd74a7d,0.0059141044983260305
ck_af65eb885a51048d,0.000344031700115257
ck_73f4eb09af29b1c0,0.004635119935649664
ck_8fc641b1750a2542,0.05257548244726244
ck_41b954c7a948c060,0.005208872717347456
ck_25fc3010e8a0f6d7,0.0017882570386150772
ck_a2624e0387974e0e,0.006987199386383156
ck_5cb9d7b2329d5ab6,0.004289472787273597
ck_6c83aa1d100a7cd8,0.012549334535937437
ck_67025c64588abd1e,0.0026394875058973104
ck_f5dde68f6f0468e1,0.0010332336994770717
ck_46bfb2cfc29a6d2e,0.008862638843455527
ck_49dddb894d33f6db,0.02086899433196065
ck_f738b633b8862d18,4.053566161777099e-05
ck_3d6c3c00d854f5a4,0.06204427890235333
ck_cdb8061d8d1a6c5f,0.004384753557114538
ck_5e1b81848718bdc3,0.012300061658271489
ck_8def763034187436,0.007468684526069115
ck_8f8e4fb9c6190272,0.00043550935927203274
ck_368b968b5f33431e,0.0003839057634376441
ck_ba7e347251ea399b,0.005031216747025602
ck_9075432001a64e75,0.00407439222745377
ck_73c5371635aca173,0.8830671137097393
ck_81793387b38047cc,0.000895026691379786
ck_0cf220816e320ac5,0.0018624420674833765
ck_820219bb9c761b52,0.35306621295141244
ck_70a932ab39d86a24,5.824756982752288e-05
ck_2c4be237a7ed79c7,0.001203420995913375
ck_acc764b49ef02826,0.3763718754909628
ck_74c3c3452e4e7cce,0.00027589339274336765
ck_34dfb57e5bf31d2f,0.03163075473495243
ck_6ec39903f765956d,0.014599033431164166
ck_5986119e7d81e831,0.006430099971801005
ck_2ddfc948b8eac752,0.13698541930546285
ck_921ff5ceaf40a968,0.02134593631981765
ck_fb3b68b4424b5f92,0.00538931025626065
ck_c3db1b3ad4f16679,0.0019165005571875975
ck_124a197be41687f5,0.006006017793836124
ck_c58d9151834f5bad,0.006557566926022709
ck_389607982eb6b701,0.9828397583573455
ck_fb0c138c003e933a,0.0004130516118201457
ck_50d0bb7edd8c69c0,0.026784456526634682
ck_c6cb651149dc9a8a,0.0003890297169000883
ck_81e21354e477eceb,0.029197134929330005
ck_7696e38b3e4197b0,0.008623536769755637
ck_586001d3ed9e7fbc,0.0006454599616425909
ck_bba413492dc46f2a,0.003033328395928235
ck_95b894380ad2702a,0.01638445399298008
ck_277621473369614f,0.9996958939354028
ck_a50621b5eeca84b4,0.00031159536159574636
ck_bfa7ba218b988cde,0.0031731414055026926
ck_5ea89567dfe78e4b,0.0030401469950289374
ck_6c679602a6476ab2,0.005599986702722397
ck_d3885e286b3b11d2,0.0037760935869637275
ck_cdcf6671b37c9c92,0.0013041159436782811
ck_b5c93e6d34f8d366,7.8011503297019e-05
ck_c24f61925dc158d5,0.07666814848781928
ck_cd09375e6c81d2c4,0.0036792784974586288
ck_a95afc7a00303a26,0.008461993514808289
ck_8e89ca8b39f3f8ad,0.001799898939730282
ck_9a84b396aada3fa8,0.016825506141403438
ck_5124a2e415384945,0.010142754591965335
ck_d66bb1f063357f99,0.002174228473489875
ck_0fd9312411b0ac55,0.01495238485059711
ck_ad8cbe6e27e47ede,0.004854829696551485
ck_8398adeaf41f9cae,0.008098132855927196
ck_dcf851e7bb5855d0,0.0006530553214722153
ck_9affb0f26776b642,0.0008179012088293062
ck_f0424b3b36bdbef0,0.02685328250860694
ck_66746d1090d6d9e9,0.0002454065557745959
ck_e5f8c8a5824db594,0.003969479410157371
ck_3e91dcc209431984,0.007590574748705542
ck_126a82e8d42e5ce6,0.0005989350096691889
ck_38e4a74ab256e2eb,0.003985552492353244
ck_1225a97fc413a419,0.014642763947049553
ck_9b5ec0f78e160e65,0.0011322622461593592
ck_7c5529bcc079600b,0.005401293215532381
ck_29640fc2fe81c251,0.9562147608979963
ck_160e9ba0a3f7c1fd,0.0012451484442744783
ck_bff090cb4ab76b9f,0.0183339198641268
ck_aa06ed358e43db69,0.021044334421290646
ck_7264486eb512d84a,0.0008196535746255928
ck_f5a32e6160b28379,0.026855509966373158
ck_4ba8bec14c2217e1,0.002211965293616766
ck_610815786d729d2f,0.0036114781760286487
ck_e267999226b6321b,0.0010303429113945515
ck_f3996a3c8eea1ea0,0.008330012697553001
ck_e9b75ed7567a3f23,0.0054324361965199216
ck_d21612d48bb4f7b8,0.0032672303592126105
ck_1f871df76c6a995b,0.01337192675060064
ck_953bd5de48ccd70f,0.880796463825314
ck_02a9104419a6dbaf,0.0035381714983055202
ck_1eeeee651e05d535,0.028811815098728637
ck_e2ab04136a442a98,0.00757025641238427
ck_f0d806624ef3d359,0.0012909458878966344
ck_4b68b38c1b3326a3,0.0005735391918121665
ck_74e60495f8861156,0.010432719143994986
ck_398f3f4cf05c721b,0.0012734769981633898
ck_f761b7650a0c1a85,0.010218776523600025
ck_7dadef33f5e2d94f,0.9995385824515276
ck_6ff6883633b8c7ba,0.0007753793014362465
ck_4d2159603045109e,0.006068375171937551
ck_a38bd07a5fac5c9a,0.0015891046250113001
ck_f517f06551e69507,0.0003977820081220375
ck_a7ea00a1760ad561,0.9922536740265466
ck_31fc51d5a3dfe16a,0.004752397548818446
ck_bac5233623b25ca4,0.0033126392957233105
ck_385188ab27784fe3,0.014560124774845085
ck_9947a323bab5cacd,0.028798968194251272
ck_7973edc9f22ee7b6,0.011137500498603087
ck_f97c477986043755,0.0012611075318622947
ck_1a3fd2cc4b4de196,0.08813638314795733
ck_e18ac29ea62cb435,0.012389658574823444
ck_9720a472a3e0140c,0.0012202084666448165
ck_668c7fc7d7e47c0e,0.019988362450873584
ck_214af0806470ef48,0.004105728390785775
ck_a46c1773f01f0be7,0.007503819922316325
ck_f2bdcfb4203ffdee,0.0033626123714268637
ck_40e84e6ffe788a4c,0.00983762572686625
ck_dfc6f5712d8d6678,0.06975162004147023
ck_01ef1036b2e66a4b,0.0012495840226895826
ck_3acfec10eec32f9c,0.006928403568917803
ck_084a85145c15ed77,0.0015617627081275687
ck_fcdb4fe2f095fba1,0.006842022128902281
ck_023908db0a193076,0.06315612266743892
ck_fec0ff92fd622253,0.006402045863268114
ck_c009c97d5fafbced,0.03862311175449591
ck_eb9f0c06ee017ee5,0.0021227168167360128
ck_d7792b429620fc24,0.002867046345551861
ck_5e9e149a3b69c726,0.007487798128830767
ck_ce927322ef8f651c,0.005493846972394207
ck_b8fd61a8e82bce32,0.6544325652087395
ck_9aafc33fba1474cb,0.00026887947033065547
ck_ce81ff9b8b35562f,0.006741556570169146
ck_25bfca1d8eaa152d,0.0014965095800487096
ck_170c65860e2a7e23,0.0012579403812747047
ck_952da7ca9f33decb,0.010035633593459766
ck_1ebd574406235957,0.003999334008799968
ck_589109a188adc2c1,0.000277894467288155
ck_f0cbd5383bb07778,0.034398729382279
ck_242521e261148fba,0.0009666908509739948
ck_509cece86a558de4,0.0008181233755520314
ck_0dd7c5925d28755c,0.001868054316205558
ck_a7e669cf1c3985aa,0.016243594573818843
ck_acb84dc2351eeb76,0.00093768033832405
ck_b837c7dac2a9b931,0.0029004104723412004
ck_18eb1f9181f95df4,0.0013630299539588698
ck_b0b9047dddb1ec84,0.984557519335409
ck_43aa136bdb0a2832,0.8945127785588994
ck_3e47f8c56c811700,0.0019337870091525055
ck_77c587d24695ea15,0.009714587875829444
ck_20578ac693ea4e93,0.15629572924619345
ck_b9f6040eebd1605f,0.020932727355177642
ck_ca9d86f65cfdf018,0.0018563359463285103
ck_a4fa8833995c716a,0.0012164362779517835
ck_f589f1e29301b5fd,0.006463483716225636
ck_961ddb8ff55d868e,0.0002637687356891325
ck_5662492a54e6688b,0.008930606664542897
ck_ad48826c1c26eb78,0.9934037446988448
ck_621c9ddde6bf2eca,0.010576878759609694
ck_417a3500b2c717b3,0.01158380751398863
ck_c7e129058beb3ac1,0.007432622916057506
ck_ec1c902b9b9b9c5f,0.026677976486506088
ck_317360ec0a67d27e,0.04481451276282531
ck_3e3ea5d8c4a229dc,0.036430186045140714
ck_d11d27de7bf0b973,0.7009855443721269
ck_d37d56e931105db0,0.0010546488183285022
ck_4863077723cd6ce1,0.000729250746360401
ck_479a065d5903e9c3,0.00041118123631883017
ck_e66ae4fd586fedea,0.0005368525709055096
ck_192bbfd0d5720134,0.0002853481680969982
ck_3b436cb29af99f3d,0.007448994908415043
ck_7c7ca54969eed187,0.01650663249855334
ck_826ee896c9f1144d,0.8694023666192161
ck_ba1f6dd43fc8a0b1,0.0033492561206096504
ck_49685deb63e4e8f8,0.0026637999394277514
ck_687ab5d5554bfa79,0.002308342074076581
ck_41346ccd9242cc8f,0.0005103219364320861
ck_8f8e5e2b9dfec3d1,0.02145943216380165
ck_94d5ce61a0c50465,0.005652032289828467
ck_6b954c75aad8c012,0.009441046413622426
ck_748af92828c9d288,0.006219347433768627
ck_dddd14091ce812c2,0.0006480014046022388
ck_723323f6870fab59,0.002320277358499359
ck_dbdf8d0708cc6718,0.0015166239748351476
ck_f04938570a154de3,0.00026452503564053864
ck_58afa1550b3b5294,0.005018994859107969
ck_3b150afde386ecff,0.004829091688278512
ck_666b95e75d99ec4e,0.9762441384841256
ck_e00332597cf1eb24,0.06589609452599181
ck_9a9e3dac79280d7f,0.016512983613507184
ck_e8d37262e859d9a1,0.009942635124574366
ck_895bb39d24bc1c4c,0.00014099039233832255
ck_b367449195e36499,0.002467369975952525
ck_d23f9a50d1135ce1,0.03984516490988087
ck_670dc4910cf476c2,0.000489619802067958
ck_3ecd8a5ce65e21ca,0.0038923726490638043
ck_8584fea2df4c6317,0.007823343179025968
ck_0789ff4562202b20,0.0029765120082879256
ck_749e0e50c3907be8,0.0006753750212714855
ck_c3ff6790cc6d7e34,0.0009763613282179987
ck_75fb7e56432ee4b2,0.00045893195170685724
ck_529fc3170fd11abd,0.01310493988606409
ck_34a69b3b4a681796,0.043893081842777605
ck_255f0e5888ae9e23,0.020159663959872856
ck_65be698386474170,0.00047145088210302153
ck_5eec9ed855c26000,0.0008976803745452489
ck_5ab39bdc9610f6f3,0.4892648171649305
ck_1b5b75762f033462,0.007045957912961633
ck_d3e208671cf37f91,0.8040128940767435
ck_5068ee554ceff971,0.012156781354025073
ck_d7d50fb57fcb2d0e,7.123284609600536e-05
ck_ba6e1115fceaa067,0.009217614596492982
ck_d07bfb16a4a7dac0,0.7414770452841445
ck_ead68310311690c8,0.9874713960960708
ck_ee53ce862bc9c111,0.005907687179705622
ck_97e56e6037024dff,0.0005006727649382316
ck_80b04344c98ec072,0.0030056723461718954
ck_5954f45a2ab45f43,0.002104875202033241
ck_18ddf7e836256e3b,0.006590332328275122
ck_89a1a780144d808b,0.00261315045992584
ck_a7331e8b808c39aa,0.01455258046615407
ck_a1fd0ad03ff9b776,0.006759380931913715
ck_c0cf50eef030b401,0.000550817733522966
ck_074f20921189e7d6,0.0021060952371343288
ck_e2aa7be60794593d,0.03165134434995779
ck_72771757dfb7f7a8,0.008455586650006203
ck_a9cd84a6dddfe584,0.0018913327021458312
ck_142c00f9f8557504,0.006212101012529215
ck_221b5d40358230f4,0.006626452239308455
ck_a2d7a563f520b7ea,0.0019351700209401014
ck_66cd34bc568d95e0,0.009663679399536055
ck_a17128972d3e507d,0.04424317031949889
ck_bda299466bb2136e,0.0023105507512029295
ck_2b699066665abe8a,0.004906779780357926
ck_0ac9848bd4ba0c14,0.00037765745017464647
ck_98d2f9a6ba3a3077,0.9895749829117862
ck_a872df31b28a5f7f,0.0408719088959374
ck_7e73e1d44ce82ed9,0.005439906075229676
ck_1a415416f620d49d,0.0024711203324571576
ck_c95c786d2f8b8edc,0.001377547610309684
ck_e45012f22b7f91d5,0.0006138810189011644
ck_aa0b083e2a6813eb,0.02503579173609733
ck_4666232ddbf77756,0.003149150612039174
ck_e08e9c8ec5f23d8b,0.0028414253977650074
ck_31d4c0518e5f52c6,0.0014244565625363592
ck_c1ab40638f04cb02,0.00514090901648114
ck_4c1fdd1669c7cf51,0.0004955964906358636
ck_11662cc7940ffc82,0.024879819239674396
ck_2e679af24adedac8,0.0005174183405710689
ck_454b9e21b7f25a4c,0.00048210114174582295
ck_355c4f29089731e8,0.890858183395269
ck_507e40760a24d2d5,0.011263137612364563
ck_0943e0f305078e34,0.9992563980822631
ck_abc54ed7111e9ed1,0.001804585265312509
ck_a60fe02fc04407a9,0.00805848276423545
ck_244b897bb4d57c1f,0.00133240011948393
ck_8c84fcde93a04334,0.8930533531344853
ck_9eea37d2de633b27,0.0022691112134704443
ck_b2cb9e6610eca967,0.005566762007476534
ck_09aadb4c41b166f1,0.07970572148049043
ck_8d94fbb4828ef326,0.001276927596939106
ck_089e3a07abbe3b8f,0.004245164547945194
ck_dfee9de05e3971cf,0.0012819898336018682
ck_6abf8302ce052451,0.023278598081249356
ck_6ffa90143838a4a2,0.0011691281418276097
ck_325caeab5c7a9c3a,0.0010951945479532239
ck_1964ee9db929a173,0.9716715910894272
ck_942b95988a6245a6,0.026112672115613262
ck_913ecdeeb8e21a9c,0.0020346310910054665
ck_ecf9794349eb4b3b,0.008177733454585575
ck_b6cb8d6ae828eed1,0.012062300499396668
ck_2f82ea66c4f53b33,0.057142890669076504
ck_6e676daa4855b58f,0.022331918083660817
ck_2a37fef48b44e9c8,0.0021744591797400346
ck_3bd12d468fdc2450,0.005438311526798222
ck_1a28b6a40a6bd3b4,0.03618171958381982
ck_61b79dec96d15713,0.0007730951646045073
ck_31d5e3daced93d3c,0.0026454674584507633
ck_e6c8611c0cf233d7,0.0005101935234592913
ck_f04761b4a937ac3b,0.006070649473779401
ck_38c1c75cf055031b,0.021664635121048634
ck_59a561f3df01441a,0.0413047555314137
ck_04e40f556a5062ef,0.0017193461978751948
ck_8409716d174635b6,0.003950254863125549
ck_3019afee83342701,0.009368600369600875
ck_b51a58e7f032c9a8,0.0049631930408169265
ck_5043e474f848346d,0.006617006037623189
ck_4388abce33ecd01b,0.41998618877559507
ck_c93def7392f0aff5,0.011932404828302297
ck_72e7b1acc19df820,0.006182567315297535
ck_f253130dc3ca5b3c,0.0011330809818317679
ck_eb264d1b180d4b4c,0.00589743995561433
ck_c2504f5a113433ee,0.0029328836960941804
ck_c16ab1e4dafb4910,0.1004848890155992
ck_4bc42878fa180991,0.004009688130368967
ck_1c771a7c78f6622c,0.0051752312073979016
ck_d523f0e50a2747ad,0.0013177918208206667
ck_9060f4e7ab7a1b0c,0.007798386437458446
ck_6b55ec4e87a5e22c,0.9056848230797098
ck_55fc62a5f89a7251,0.009402463364701167
ck_bd2545c62f258231,0.02663911232277949
ck_1ccdc69d0bb712b4,0.0037952078452180675
ck_710f867a3bd5898c,0.0009115582440091237
ck_f91d48c40337d375,0.0004720644946706638
ck_f76d929541ed41dd,0.002589825840236668
ck_e26a6659c237b650,0.004250293707939665
ck_184983177b73dea5,0.008790400631586665
ck_6d0d081bfa8a0022,0.013455280296713973
ck_2f6e64f638da0f97,0.00039166629813788855
ck_15b93103ccd38609,0.001931171969461259
ck_094d10439b7b4eac,0.0011582571629289498
ck_d2ca47180a926ba2,0.004286341602760297
ck_a69ca7b9d70972bb,0.002503605546960116
ck_68914e67343a7d32,0.008033793946441551
ck_8176616132458c0f,0.0029210742320139723
ck_eee99af3598311b8,0.005835511049787374
ck_94410eedfca91304,0.008898638833753922
ck_cfb11a0a2325bff5,0.0007036709001737909
ck_75217ee144b715f8,0.007314733296442567
ck_d56fc799542299b8,0.0005460964875281692
ck_4c352dd3e7c81269,0.008085852899849968
ck_e23e50e02cb3904d,0.026270962168993404
ck_b921af37d500e139,0.00010062103237117121
ck_82181b935360dcbc,0.9991301366197455
ck_22a7cf3b99c5e5fd,0.00362866450884324
ck_f67ee7910d532216,0.007802537311443191
ck_5f48762a14a0326f,0.0008419273235389755
ck_1757fcb0e6e3f88e,0.012291477455645444
ck_2c2f080ba185016e,0.016619809947188195
ck_4c25570eb72711b8,0.0010359431165007625
ck_a3be871ca22ac416,0.0013087521335286589
ck_ab70961e7c6695b2,0.002431888633316452
ck_a1cdebfc42a52448,0.0006395212127510779
ck_f1b80b821a20186d,0.009942261005525359
ck_ae668e4564cd2aa1,0.0014504843043289446
ck_0e2bc3a5afa439d8,0.05777961074151594
ck_3dc378f37d0b74b8,0.023939232397302036
ck_9f9555197480d1cd,0.0018939031091429587
ck_bf4e7d48770a4a8b,0.01477981962421889
ck_614ef655f0685060,0.9501575911965403
ck_04d2ea38ee27770f,0.0006733465908574173
ck_e03a9d8ac94161d5,0.0007166664982712151
ck_d4007b5b26d9d854,0.00034424222912604835
ck_2dd147ce6d61749f,0.007456781992283655
ck_ff45764ea7d6619f,0.009267725283044627
ck_dbc487cb0a6c18da,0.9968262952578373
ck_791d5392bbd80447,0.09332440810288285
ck_b4068439c413b150,0.013864906482911287
ck_85df7b7de9700aba,0.0001307466536897827
ck_001e42551cd06e40,0.0002501694496939484
ck_a6c02ae50932cd9d,0.0005120000588984001
ck_9fd0be2c018ff5e4,0.0007750415893400113
ck_32a495128395fde5,0.0009412309633524084
ck_b6f2a2fd232c141b,0.01653081252286764
ck_28dde633692904b0,0.017274117787979968
ck_a1a93c5f375f6021,0.00018864035172529782
ck_e3982142336782df,0.013101899454037369
ck_a9812ff3c111ea94,0.01187174618701545
ck_f04062216f95fa00,0.006731880094065092
ck_7c560467daca735f,0.00019652945744148172
ck_76ee10d6e2dba70f,0.04267072728143961
ck_3521243bdac61178,0.0015965609173030405
ck_28588fb03b320520,0.01031571096537465
ck_580dcec33ec232b8,0.0009740613262310838
ck_7109923fd7dab20a,0.0023749880649717755
ck_7c872c99481c1e9e,0.0027679443028954193
ck_46f4e1f5026f4d1b,8.763603463248966e-05
ck_00d1ebc31ec4653c,0.9120000489073693
ck_aac70764dde15168,0.019209982807082335
ck_648c03f9aa4e45f1,0.006614884038398217
ck_5478eb69ef912785,0.1426446480162044
ck_79b8523137bb2603,0.006704439121158141
ck_795c49f312640019,5.032654000337971e-05
ck_89184bf7b7fe41cd,0.12578511799173964
ck_97d4bd922996fa10,0.0040738348624818335
ck_1cef30d08f3a598d,0.0007966507460067433
ck_2f9fd36a4a40a6a8,0.00036397802561264866
ck_40780fc0f8d6f309,0.006968026461702974
ck_9083ca9fec2a7f4c,0.002075936216187132
ck_62081bc35aa59931,0.0053557720667634905
ck_2e1b46c5fc56b863,0.028510274124383717
ck_3d139692c51b604a,0.0429140347727272
ck_b5e54e22e3d6960a,0.0019485703260603202
ck_c0c4be3f44311b04,0.000667026470452686
ck_82a8bdd2692c2a5e,6.587406850726673e-05
ck_bdd2da300b530c5a,0.0016126529433408351
ck_ee40498cd97183d3,0.0008719740206813492
ck_70b9274473bd6dfe,0.0005844904866421591
ck_473d6314ea614b29,0.005072822668030166
ck_7443d6dca8cd1352,0.0018741558583669853
ck_3b49768b448b071e,0.0005284119389332059
ck_b43f04431c267dea,0.0004556296966331604
ck_4424a5223ba2fe00,0.00356664154337471
ck_819bf3e8231f4081,0.006755941841448005
ck_91d417507a8c58cb,0.05495101281262614
ck_e88e86b19cada4aa,0.008762511759900258
ck_59684167f9c6bf4c,0.026046534470424106
ck_d5f5b0dc97b9dc27,0.005856024952539078
ck_13d1b192bbff8f32,0.0029332767812586943
ck_b21d8630387cabce,0.0008638672772158674
ck_e4ac22046699b99f,0.0029097342158638873
ck_74b848064f2ff45d,0.0004673126163326501
ck_166aa980cc87fa77,0.05803470673171525
ck_98e337806104dd88,0.0007806093158918752
ck_66eb09be007f0755,0.004605247466114206
ck_3ec9b9d8dd7be11c,0.004494762584072817
ck_8b8b9de339d75d0b,0.006438700206341563
ck_6715139e240007d9,0.00228291322828274
ck_a0255ab46e122d2f,0.00023599454605103382
ck_66e81a4190c33510,0.00377211042828291
ck_5d75ea4f5c9080bc,0.9059142650630051
ck_df69858b8a8b3165,0.0010751996922236768
ck_e15252ebd7553422,0.0009899795671954323
ck_34d6d74bb3ed11e5,0.0004728112663236292
ck_c2608f78f6851d10,0.641966678786969
ck_bb99071e8f58c8a4,0.6853856860709149
ck_06010f0df5b7cef8,0.007241727540702199
ck_8c582eb0f6c0148c,0.0001991500205602184
ck_0034d010d28aea78,0.008611615535743362
ck_01c1f06692566ca1,0.0009229794981012484
ck_4807726e797fb893,0.007722105376082327
ck_edc9668282e3c8cb,0.00641824344121312
ck_5486768475af7bb5,0.9155062010335836
ck_3fb9813849e51837,0.006343142839053908
ck_861af5a9a9a6d619,0.0007094670363738695
ck_da39653add0f1109,0.0012342338227935789
ck_74a4244eb1f162e4,0.0001944817245962138
ck_9a930faade55b8ea,0.0014190763275337176
ck_fb6e06ca88519dcd,0.005284459636340085
ck_9776cd8263a9f415,0.013285755510317406
ck_b3dd1198ac5aea73,0.0026339819526790776
ck_b6675a04df1a4276,0.011939105321240866
ck_5c7ad6e731b69333,0.7136303796973166
ck_28dc0fdbaec00580,0.037657052026181345
ck_8e7a32f7e3905f4e,0.001932490782000184
ck_8563fed6674afc77,0.007366855572799748
ck_9a2fcccb82da663e,0.0026761262365005535
ck_6a519bdac0d94527,0.0013122073697800934
ck_a0dab7aa9c4a39a9,0.000704274382126213
ck_a3ce05e9e5e32142,0.0010462264371748449
ck_7a7e40ee3f97c035,0.006377517297367084
ck_9e9a830785112a73,0.006977889683595193
ck_ab1bb02f6b189304,0.768392899520447
ck_7b8cb0f90fbdc8c6,0.0038862143799650918
ck_b138fc249e659e60,0.004174125746443673
ck_e73caa3771ec5e0f,0.0024690486219958482
ck_18a55b06ccccd88b,0.00508989600072688
ck_fdcb1d9265d8fec1,0.008807335713259357
ck_e21a900556b382ad,0.004980955782642544
ck_c6bf67470f526771,0.0020367145631738997
ck_b568ba3837afb39a,0.0009175480392250815
ck_a2858979dd5645ef,0.0005203926763977635
ck_1da9d40837ebaa57,0.006269659207869342
ck_9341c7959543c542,0.0007510192591725309
ck_c8ad86806b9a2369,0.026909427710957317
ck_5c85d93ecfed4b0e,0.001861760254941653
ck_f07b09879d697b82,0.0009852189302456068
ck_fe43da07608b1749,0.00590631385517776
ck_4bca22b5926b9c28,0.0019208291980070693
ck_aba573aa942b1d41,0.005291605969331533
ck_57c14e32fa4683bf,0.0027102545126793036
ck_891530b489ce402b,0.000973046908579425
ck_5e74fdadb93ff293,0.02518665906674885
ck_14436a409ebcc90f,0.0015539832251214416
ck_00013fdfa0bd37dd,0.0009994911087898206
ck_7dbe24ba01316775,0.046997968223859626
ck_0e3f80c1553c591b,0.0010590011677254828
ck_3edc45db58760d76,0.0002944246375661091
ck_29076a13f539187a,0.20158408920848397
ck_b1e81b58b9a545ce,0.021489041426175973
ck_3f8571d4f7420b2a,0.014599673081903122
ck_7dff6abe4bd644dd,0.5105253745529469
ck_2884bab237af16b7,0.0022869110475931035
ck_231e6dd1fe708000,0.000379503499444788
ck_33ecaa7b892e73df,0.0036307902914504133
ck_b109ec4c63503030,0.0038382661917216857
ck_a7f522382509cef1,0.0009526020573331677
ck_748b3ea941d8b3b9,0.004499643169089867
ck_29f3a1737a2d9634,0.01653750658777595
ck_cee8d42475a0f020,0.26271082933759626
ck_c6b6ebe145a8ffab,0.0009160104526973716
ck_21c99e1d6b881894,0.0004766069309875425
ck_5ad798286384484e,0.0046362708142167275
ck_b621b6ffcc7f4848,0.00020778834936289726
ck_ea819e337233475c,0.012867074116125069
ck_9e3896c2668ce06b,0.022235565712839127
ck_501dcf1ead036d2b,0.0023184790041009162
ck_8d5eda29a2cffa3c,0.0006908824243246189
ck_4d3aa36ff83f1132,0.017762644614128596
ck_8e9faf94e3e6c757,0.0002873874838070841
ck_ce0ec41f96951048,0.007936818779154968
ck_f09165d73ee903b1,0.004362267649769991
ck_a432b1bf1d3b3d5e,0.02797387804618175
ck_ea618f720ff0b4b0,0.0008284080619089005
ck_7584e7bd755cb28a,0.002806961063727912
ck_e14681aad43e1a72,0.020710436596103006
ck_5e18870d8e30e379,0.004088098299408524
ck_ff7c26a62bda8089,0.0004108915660322644
ck_cc5a35175d381d5a,0.007811033296050224
ck_3c25029e40aa8a84,0.00017876533967797217
ck_771247b5bc16c12a,0.009715610952660068
ck_664b5e02759f985a,0.001545870648089905
ck_692a9e8f504b9762,0.00012394528832130835
ck_df8ad2deb0a4ffed,0.005738816569597431
ck_eb48c0bcd12ea654,0.006796181766932812
ck_7c77e597c951cdad,0.007423035504891219
ck_4f75144c6f3b13ad,0.006258252203480141
ck_1bcff399166d7c43,0.0010782272092357047
ck_975c2aa3d4a8c51a,0.0032529789279975184
ck_bc6f07b06aaa4ce3,0.9824022539982897
ck_80b072b7f3c7e8e5,0.004932172569511449
ck_471e4018a23b4e56,0.02715697057634845
ck_53cddfba570b4a3b,0.0010630669997192378
ck_630530e50764f229,0.012015573805545599
ck_dcef7887a4f1e435,0.008654735094143686
ck_2795921a055643f6,0.0020798411109183984
ck_7456df89f3792235,0.0006724694330043061
ck_5014a3b07e1f049f,0.9896562078671547
ck_d4ec44760cbe03f4,0.004291478595404164
ck_96810ad39d4cb7b0,0.003849933040242845
ck_3222ea25aa29bfa6,0.0002742173048817328
ck_f6c42001b84a10cb,0.05433634160639521
ck_5ac86682385c86b8,0.0001557934406765105
ck_4280c33af57eb4f4,0.0004065638392395177
ck_05f79ddd8eefaa56,0.003358659913251716
ck_3a57a13ce032a6fe,0.000550899754258605
ck_a721f0d635fad68a,0.0053323554806849974
ck_a3f821bdf408c326,0.005921836841002756
ck_0ada63008be5685a,0.015149185785775593
ck_8c949bdc6e8720fa,0.016616628902985913
ck_c0d2c56f9c722e99,0.9967363537002181
ck_5d2b9e6e087b8dfc,0.999230411799024
ck_5217b55593a332ca,0.12686459093342756
ck_7a7bb9be5a7e48ad,0.00307400602165459
ck_24cd0d779e866287,0.0012673567611326212
ck_7367917891a63771,0.012414801442280115
ck_4b31a8862a857e6e,0.6243240344847212
ck_81429c4910ca46cd,0.0006164411308090357
ck_b35d803568f82d9a,0.02444405036757754
ck_4b00e75c2d2d0522,0.0001784787862970275
ck_77fced07f6dff42b,0.007205953343593493
ck_3c9a06eb07c300e4,0.0003808033350566875
ck_b3867f7f494db64c,0.00022828821364573337
ck_0c45e54897ab34e2,0.014240206269920851
ck_507a6a580ab55c76,0.010186652611287537
ck_291bffc7809f896a,0.002380206061072862
ck_3753cc5b9d02e2fd,0.00142532412361786
ck_4f63d5245b3ac1dd,0.005150745419086165
ck_9dfb2ae78659240a,0.024911061870942088
ck_90f6f5ced708aa75,0.0007344265153962357
ck_8b5b5a6b5539e39b,0.9895224087747548
ck_4719112b55d20161,0.01575471636010833
ck_fec888a7108ca52d,0.979123025551474
ck_4f5d022c99f118b7,0.0034326035103779393
ck_e967ff05514b697b,0.007624597571730794
ck_839ce35819bfa4fc,0.00037086798464883207
ck_bdee1221b9addff8,0.0016887931922568676
ck_9cde4036d0914427,0.0024113507836139364
ck_5ac959cbcc5e98f3,0.0003806556268606919
ck_619842688294dabc,0.0051443153741116115
ck_7373d7b04c7799bd,0.013207798559127853
ck_c1dd3feb9a0b6471,0.0018680206601339334
ck_0324a4812ec319c6,0.0017336826785139107
ck_7f3685aa2933b251,0.0562996703015766
ck_06aee5a62a67a84c,0.10571060370438853
ck_3428910b44b9d08f,0.007349878743132492
ck_c3ba7534cefc1de8,0.0005114331296687451
ck_1f1273a67cbad5e5,0.40862397082168816
ck_124565a11b2f8bb8,0.008793231523519063
ck_38e46bc861e0165b,0.0013144217126567243
ck_c8ad3f01319c065e,0.008137081176503537
ck_3f94a34f5038f7c1,0.6929162262158726
ck_cee56be5a502fbd1,0.04370306999664014
ck_2b90b76cf4d162f9,0.0009491682028183261
ck_884b2e463ff1d54f,0.004842522432767371
ck_fab4f2f8531b4827,0.010284611099288628
ck_4fc6256e0e60a926,0.002770839806668867
ck_0a2f8b2f8a5b6f02,0.002330917558827448
ck_9c0deab8a8367c5e,0.0007338864265914772
ck_d3a2a4c011fa2554,0.0011937847177989982
ck_4108b4038f762817,0.8929881744707059
ck_4df036e2aa7e1056,0.007387037920241224
ck_ec094eb1cbb3efc5,0.0009188650646800096
ck_09f8f51bfd2492c6,0.0005903300283738765
ck_b60fb9a10d6f4489,0.012075458506657248
ck_3638bc3388dbc1bc,0.03763199508172914
ck_7a58e0cc9943c39a,0.0014219918387091486
ck_37dab6a0a536ed49,0.021669963582702963
ck_adc576690df5b33b,0.012129985414128085
ck_1383b2b1875000f2,0.0005551248781336291
ck_43c1248db37a2eb0,0.0015446609765719765
ck_29c11bd68858e923,0.000545566938328357
ck_9401f9e11f65337d,0.002392797292378022
ck_ce5ed372b1a2ed6b,0.06427215312007714
ck_08b4619490e751a8,0.9520447473884166
ck_44b9125526acb05d,0.026973241141831444
ck_ef1a1de20d2124cb,0.018453072064118316
ck_e5e2624b7fc89774,0.003968599101095041
ck_f5100511609b92c0,0.00026999154233950113
ck_64f3bb17101b7c42,0.0033354932691038674
ck_ea1e5b5128ecba2c,0.0022748251690718675
ck_516163fcf04d5e77,0.003492348343155716
ck_7f9a748110d70005,0.0018429603823300281
ck_d263b55f0a681cce,0.016715241358090844
ck_0e962eacf98a813e,0.0011006543074435883
ck_0406931800e0e2e6,0.0018462307287987327
ck_0e9b982afc88a3a9,0.9977413202478985
ck_8bbb625384edebd7,0.001592876562687613
ck_5eaeb87bf6207406,0.9984042098665729
ck_cc3318839c4b0745,0.0006689566487671575
ck_08a0355d1f1890ef,0.002035277190306724
ck_af7ffd1a822460d3,0.07759032105803873
ck_2a09c7aa870edb6b,0.0008028141672023984
ck_bc04f51c23290bcc,0.0034181684419512222
ck_d3a8333cb389f4c6,0.0009439486367195616
ck_88e3dd3039508332,0.007568441659189205
ck_b8c7771de9b57705,0.0012903730513623493
ck_585ababa02383b50,0.00019264109422488014
ck_e988c108754cee9c,0.0020793478242172223
ck_4a691892d9d6cf89,0.0027176159868071
ck_7cdce37d895eefb8,0.0008044847589257751
ck_483fb981a1fb4317,0.0012576537025814959
ck_c1e5182bd99e0e35,0.7871505409312762
ck_9a1e3ec9a1839939,0.006193178180817186
ck_5c3f13de0dbd5086,0.0027986282404833646
ck_f4f6f0caaab70040,0.0007533192832198405
ck_791be3378dd7d64c,0.004728990700319054
ck_956dd784525f5886,0.019668592303209102
ck_098167eaf124c279,0.00345712646004175
ck_33ecff7914349ebc,0.0075632389459850975
ck_e05d44e46c7174e6,0.0021699761547093804
ck_1b2ce474fa6582b4,0.01578226821318211
ck_ab581082e8f72e3d,0.0013786389933136646
ck_e63256667aa19070,0.012353851813273338
ck_f568772b6cb3febe,0.0110114886428751
ck_dd89a282375bbab6,0.04306406830689748
ck_a39d0bca345b492d,0.003235802478019812
ck_d12d2924d0f7a64a,0.001405277283010339
ck_6a548da1728b5823,0.9662081819521454
ck_6d64193681d2a94f,0.0036738823459251057
ck_ced6b6dcdc7c201a,0.002975276325056929
ck_d1b0699d26282871,0.030860935217971806
ck_58f757e40a9b8877,0.04715106203045062
ck_3272c2c4a37d5220,0.983228028077049
ck_d94dfde9e03c9d1a,0.007462638794443729
ck_08a6d4903a7fbaca,0.004763067293130753
ck_6c72a36b05fa0f4c,0.0050216824772976575
ck_dbb4bd4eda97255d,0.004707804071970493
ck_94b59bbc824b307a,0.0008490750587811051
ck_0229a07185f15469,0.0026401812276537467
ck_11bf1039f8b3025b,0.0010641135392532434
ck_36789ca11459131e,0.004634388025255913
ck_8572c5f5c1447c62,0.006375581667720549
ck_9e75c6641939f4fc,0.0235399072335769
ck_b45e47c39d4dc7bf,0.0038424765668244334
ck_02903c48b6cfd65d,0.0019598081273821816
ck_b153386f1729de81,0.005494981454796038
ck_36979996f33498f7,0.9796036792687961
ck_3c02d4dbbf6716b6,0.004431783857171046
ck_66c9a19963957531,0.03201519871789328
ck_bae8dae7cfd8baba,0.00011845402787828891
ck_bba0ccc6cd968680,0.011684105188684171
ck_3267fe3aac05c71e,0.0018753229093981059
ck_40052cac10562cde,0.0018865972129394342
ck_d973444855403e2a,0.006221771540926852
ck_012519bb095ad36b,0.9987322080395515
ck_ad7c256ea10c4a00,0.07307826081117338
ck_70a60e095e9b706f,0.000189057175102998
ck_f2734417c0db4ee3,0.0004394777770074944
ck_9cb89cc3178e0172,0.003767861169074073
ck_779cc0f2de4d5488,0.014112248800150062
ck_35f8656bf93e3b3d,0.0012304634041077679
ck_bdd8eba728800e29,0.007444323330940292
ck_002cf760d173f0f8,0.007415056300156901
ck_b046067c6ca3831e,0.0006270867346211773
ck_a4a42d4bff8af645,0.000949244925338407
ck_bce253d2396681a1,0.004192653236952505
ck_00dafc060c8de32a,0.010127991545484365
ck_968a99e097ee78c9,0.1236196731042952
ck_66949171b387bb93,0.028882312841196696
ck_ad305286702b1958,0.00042772044951900094
ck_4732da7e0d2dfc7c,0.000105115906287839
ck_17a95bba77217d85,0.03350590435201856
ck_3e2516a3e35067e0,0.0025840572173080334
ck_0b615ed566da1f58,0.00667046961480688
ck_d2b3ce1ebabe9f93,0.008181994920543962
ck_a892252e4e0c2828,0.002191250388016315
ck_cf606fd6ebfdf9bc,0.016641590581369176
ck_718865237134ebe8,0.0009034101195717084
ck_878522cb775b904c,0.027615474654416494
ck_9ed53de6ef779ae0,0.0012071178868834102
ck_3f16e2cd7e6874cc,0.002599160952618422
ck_3c59df37895ead2d,0.0009608940866805971
ck_6821459b626d492c,0.0001260123412085483
ck_11c7667920541587,0.0020818838805599627
ck_23a016cf6b98d89c,0.004999341048115414
ck_7137eeb394d200f1,0.005961319813364028
ck_9c4886c5c90ddbdc,0.0019013487081735569
ck_1422a7bf7756294d,0.976204047491569
ck_7ebc5fa7f0d3b8f2,0.00403946811360137
ck_fcc2059a8d5c41fa,0.03724345785427828
ck_00ff7389d6a83e29,0.005008879909879637
ck_03129b41457795d2,0.006079982258884329
ck_38ba64efa7c38250,0.00909513193751892
ck_57a6b56b09bff24e,0.0025895206044991865
ck_e3b3c5a80a567418,0.0003601730360111481
ck_fc40a16adfced018,0.009747016622018026
ck_9d4b5e6b43bad4d8,0.0014625396622915615
ck_61129937ee466b49,0.009800781937479458
ck_74112e47b8629c2a,0.028312795262015317
ck_b4703ee97f94d7fb,0.00015833841546839005
ck_e560f720a988d8a2,0.36539408294582043
ck_708fea345f68037e,4.737753937545241e-05
ck_25394c1b83e0b803,0.003515215263388584
ck_17ab24fe914ae44b,0.0003203098835947947
ck_16c501470d9bb006,0.0005697039632165233
ck_628f449e248c19b7,0.4175142101452895
ck_6d64190623dea714,0.0016280193958719696
ck_504a45ee08db72b6,0.0016183143261017615
ck_6cbb011e0c70bc7c,0.0010719840446619577
ck_b3225a98acd04f83,0.0012320280473356968
ck_aa37993f1c17cd1e,0.02096045510234181
ck_558cfe5f77a55a9d,0.002721358484522857
ck_0d0a1a021efea5b6,0.006896563581401087
ck_daf7aea023b7a8f6,0.05585894239286713
ck_d75f25184ece2b51,0.0014767540162282447
ck_466d4b5366c50b98,0.0001720184084051752
ck_88f27ab479063852,0.010060607438598363
ck_66779098e78c1760,0.0010562150581618654
ck_b150fe4efb449b05,0.0003085823123181121
ck_9c3aa9f23d01fa1c,0.0004937999716996434
ck_6a01c375fc26705a,0.00041147461192428067
ck_002eb6552b504ea1,0.001584587135941991
ck_affa5aa0bff9bb0c,0.007682540867570369
ck_027614eeba8b1a4b,0.0012669758975711858
ck_67e075c982add719,0.006275268746044273
ck_399b0d510be98bd2,0.004540545579368697
ck_e9b0bca7368555ef,0.0008003769996784092
ck_59c29d9c57b4f994,0.0222056006233724
ck_37176850ed68831e,0.013918618896414325
ck_a0db4ccca08030c3,0.4497282708153431
ck_aa188e5c25f7f42a,0.009964116676078463
ck_7de6997178207800,0.012510630877265908
ck_c729d19053387be9,0.01311527529693233
ck_f2d3e3d90608596d,0.1398959614481235
ck_2db3fb565e0211ee,0.0008918063136168711
ck_bed8a480e27e911e,0.005792173581196037
ck_d7ad9921a4d25926,0.011490097318404637
ck_2a59f23fc5194699,0.007947093581723231
ck_63601a58a6120d8a,0.014458615329422279
ck_efd7b9e22c6317d6,0.005714573480204613
ck_9ab42875a0f95b43,0.007395627828751232
ck_85cb5033fca7c846,0.00857145973749793
ck_5249b223000915ec,0.022529432471330196
ck_3efb0e9bf25612c7,0.0012720525905367329
ck_678e74532ac19700,0.003997883494737904
ck_a980b296c95153f9,0.005751116890957353
ck_01ac687ce0d696a7,0.009860763730007917
ck_52e1418cf1aa9871,0.009142205634106492
ck_7d28da4f1dab09ee,0.7123123257579137
ck_010d0c2e6c1657fd,0.04123900816504822
ck_b524f7a2e752b9d0,0.0030760291687926032
ck_cc447fcc24a0772b,0.9808259488004529
ck_2cb3c99845e572da,0.0005428945797902083
ck_604c710141327a81,0.0019995128036368872
ck_8d5fa65717d2e0c6,0.008742160882639754
ck_31199510b40602a1,0.004408529982636737
ck_49e253ea12f4e922,0.02905079514941989
ck_780738e0d71e7e43,0.0019142003880594737
ck_2cd21137a07fdd7d,0.0007627134615421822
ck_5e021f2a3b66e256,0.012585364795076714
ck_efbc79246e32c66a,0.017206082369819367
ck_9951bd806c13c7fd,0.008454831792266136
ck_7a52674e2806d8f5,0.01214839113760447
ck_1a319e509f1efa1a,7.530696734497798e-05
ck_c920901b9a4ba993,0.981346358143065
ck_b71279e807d0b3a7,0.003343776583710858
ck_47e1032f490bb018,0.0030534061990523513
ck_192579ecdca7ff83,0.006287298957921456
ck_b1496c474c4a3239,0.0006012536253820648
ck_5e68ea2c5e893cf0,0.017402287386860095
ck_f2ecab85d4693b4e,0.008689728677677363
ck_89d7bfc81c3df597,0.001294027805095941
ck_7929284327667791,0.012171260177322313
ck_494ec63c5ce8e150,0.005610481927231193
ck_319b059bb2145586,0.008806568712567134
ck_ccb3767c239018c1,0.00031213789363782816
ck_a1c7adfe26e09a8c,0.005911547226496243
ck_0e13c4f73818149b,0.00517421431615391
ck_c285a51ed6214f52,0.0008042641464036425
ck_916784595f028226,0.02184497592565441
ck_6cd8e0196365c474,0.0032105964916104754
ck_57b657aba4daffde,0.04145509197725706
ck_562c76a3753fc7da,0.46775730137327026
ck_66cfc1ebc9a513c8,0.001345840600098017
ck_0f38d4aed68d7d24,0.1980286825656799
ck_d8ddf5e99f7859e4,0.011460260434474604
ck_41bc3efa0fca700e,0.013191292828169887
ck_40799e129fcf42c5,0.10554192566000557
ck_786f079389126e44,0.015513916254785936
ck_bb4c6b713eb0b978,0.01744890796790049
ck_4f01f7eac0efaba5,0.0006564555620468593
ck_47d29c01b20cf69f,0.0026691245456248935
ck_bf15a1f8d67a30d3,0.006647603826557794
ck_bfecad7586f65e4d,0.006799697297892038
ck_fc9f16df35190eb4,0.10317424534412611
ck_c09c914e416edd08,0.012249357811302864
ck_c54c5d8e4433b0f2,9.330350329241891e-05
ck_1694c28f44480e98,0.00984588046177555
ck_1dcaa3078dbb7571,0.00022424331175031724
ck_af559f990c640e41,0.0016292532944981852
ck_9b436162039a77d0,0.005961458913253769
ck_79d62ef181bd0cd8,0.006120280127499834
ck_23caafc2cd34242c,0.0019717829903281754
ck_ffe2aa26f597e552,0.0035462097259244423
ck_e6ffd0754ac08661,3.153097414533007e-05
ck_beaacb4a783db21f,0.0007955561654606447
ck_9863bff41d24ce9b,0.0021875696276149556
ck_323b9cc5c49f8ea0,0.9736490769559676
ck_ab3de3d3e41c2082,0.0005275343621937973
ck_35c93b2924900376,0.012898282861494335
ck_5a9d5f9901e37e31,0.006200811334751193
ck_782b0be796164335,0.0016005143366284232
ck_11960b5f1c7a5e2c,0.0004649677094957402
ck_9a66cb13a9884cc2,0.006958167667056196
ck_ba666a425930615a,0.0002865224002996076
ck_40140bef4db73741,0.001404288585640719
ck_e05e91cc180063d4,0.07276341214298991
ck_c7f6f45710bc050f,0.0009111524079056875
ck_055fb9f2e1c8c934,0.004429288751910343
ck_58bb02d98e2b9cd5,0.005108704587383268
ck_d9f8efa6a7800f76,0.0035142486226174873
ck_69691226c68fd50b,0.08305157647068293
ck_6f2f0396e5b1c538,0.9982919203279248
ck_78bc3f1d0f35ea6c,0.0032914815497384078
ck_2d5a6b6636a2596b,0.0012908515468948217
ck_7878545739af0a73,0.0005254728186077562
ck_03c4fa4f3ed3512e,0.0005678873663050282
ck_1a9e51d092d62c84,0.8316547492399442
ck_9f3861940d8d873c,0.004191030050673517
ck_4684fdd61c6a0fac,0.008239444668209084
ck_715966f86d5c913d,0.0007189259094187164
ck_77f293d44b4a3d2e,0.023416394767026644
ck_24dae044dc05f849,0.004162173548807527
ck_00b9818e2064405e,0.015606048027043703
ck_c1c2cb49c3c1b0f5,0.03540399907763007
ck_bed50fc64fbbf8ec,0.005718888097361896
ck_4f6ed5ea5ab7c429,0.0012948124091511166
ck_458531c22ec2f9b3,0.0050379581035613925
ck_51c50c4c443df31a,0.7742914757838781
ck_732d45bd578dc39d,0.00265357275458565
ck_783fe5bc20cd02db,0.02176716348358011
ck_7f188aaa63d1d442,0.0017149285158491868
ck_ef307a6aee38d1fe,0.8127357316231633
ck_e37196b20968b73c,0.007382523905253777
ck_4ef9de711c3d93b1,0.00582561135072982
ck_17946516d5df71d7,0.0009453729247833539
ck_3534be0f4efd313c,0.02463669290200481
ck_29fbabf855cabdff,0.0006624513976886217
ck_191673540d8486af,0.00803293635941864
ck_5f52728d777ff2c5,0.005004699631540947
ck_a045a19369016818,0.9995219024699274
ck_4eadbe7298b15e96,0.006318393044238544
ck_a3a0bd59729fe619,0.00031175614948147597
ck_a1e77090b1c6ccf4,0.0019691532068241936
ck_69ab9d4784eb77bd,0.004684524094075261
ck_baa47383ffd50f04,0.0069882859417714095
ck_e35b2ed08b9e55a7,0.001370121862238976
ck_b6e3af0a5119d9a0,0.012005691034691178
ck_a7c1dabf3869772f,0.028687810668784758
ck_80b8fca67a14e0be,0.4802852865870949
ck_dd9c5f0c42878e67,0.0012166905510347106
ck_41ef7967faf5ce82,8.273988607871792e-05
ck_a93560aa348d6225,0.03864793958313536
ck_ffe91d6f0bd93fc6,0.0384249448686281
ck_fbf630c960194033,0.009140138268640307
ck_497ed60723283c0b,0.008619463396444845
ck_2a46b7ca55239413,0.0007961033131172924
ck_1a4e5ace078dd782,0.010611592563510078
ck_616cc31910f5de50,0.0011702419429321965
ck_0d65bc749eb42710,0.0018759510024287697
ck_2408db62e4395ccd,0.001057369526861883
ck_5d7721930106dce8,0.007305632618380041
ck_e8a6acea22b20312,0.03641217089926138
ck_e2f792fae128b18e,0.03504167417357739
ck_e6d3ce445b86003f,0.0005213901556190847
ck_263334d722ecbc97,0.9765770736480521
ck_8c5b29f6666d4874,0.038517232816677086
ck_7ea0bf310fc20c7b,0.9678228718597701
ck_54d463f7fd89ec3d,0.06683095656426552
ck_79e45040dbdd6447,0.011644948888543958
ck_60b4d59953505682,0.9627249947315526
ck_fb00dd5021642507,0.006404587280033107
ck_f409ff994a210601,0.04503651157308081
ck_2ca0020038bfec58,0.9423218795372966
ck_adf84b9df54c3d80,0.010633270076457476
ck_942dbf632591b65d,0.02074724729507139
ck_454a7e4d859a3409,0.0001458092394450704
ck_2139062d4569aa07,0.0014232739047073976
ck_e949a0f4df0b3902,0.9679029506664936
ck_bb113e3e6716ed65,0.004832121796981772
ck_6a28ea6ce69cb869,0.09202726583506673
ck_7df9910af2bba21b,0.0006963578543175729
ck_78aa4b731cbfe251,0.0004958760768379571
ck_5839f5cbd8165b1e,0.0053816437524024045
ck_7158ad9e58769ffa,0.02115985363555162
ck_acee218cbe61df69,0.006184936953825621
ck_f8dc8473c2772729,0.0907066477654794
ck_f34c93a8173555b1,0.022449462015746997
ck_7cf301d075e4e709,0.005142835806209128
ck_b87e88ee5512ea17,0.0006345190439627862
ck_bed0c020b10afa3b,0.020962199603866492
ck_ca10102961f99eb4,0.0015414479085163926
ck_393287947b5c8d79,0.0031375577705712336
ck_2fe6cac002142f67,0.0019967795973761535
ck_79c7f0d29b1db1cd,0.04139886864972637
ck_c735b643d3cbf67b,0.0032743376351373602
ck_ea4332c8fe48e2a3,0.001388615627954493
ck_d39864119cdd460f,0.002957959332366226
ck_3b963d6be2773861,0.002595531494769042
ck_df39e3b8a9fd0bfd,0.7964934852189345
ck_6236a461dc0d11a3,0.0008361558684987331
ck_475ebccca25e30d1,0.014624086203026571
ck_c10c8bcf5bcd516e,0.07729294933292151
ck_49ccc3716a564256,0.03402157810492495
ck_4e4f99102f6938cf,0.0018462418054273299
ck_a97b481ade6f7972,0.0017053759440987138
ck_3fa559c679751b3a,0.012458425251128068
ck_3eba1fd2c7acc4c0,0.43143481000094025
ck_18c179b4afc4fccc,0.001115839876875748
ck_cc1c0b93d05b7d20,0.04074965354883357
ck_742f7c28ddd019e8,0.005966227341138839
ck_04470bc93b8a0d71,0.002470801509900136
ck_6e8f8ef7a03cc6bf,0.015606373002648338
ck_eb1ddfc353b4da83,0.00076857790527711
ck_98831b57c7ca2e4f,0.0001459687861972682
ck_a6c7b8d6e8596d4f,0.0008845407793410898
ck_cd7d24e3b095e96e,0.015473124211569605
ck_3f5ae4673a9f858e,0.001943291624686672
ck_05f375fc8ae0afb0,0.0026891620315703255
ck_1fc98436281ee39e,0.0011188964533700556
ck_6c48c58678f64bae,0.0006682759049260604
ck_8c95aeec6a4c75b0,0.0006811660423340587
ck_364cde38958b7af3,0.11443005757662453
ck_85bf21aa1a00452f,0.0020134122715183868
ck_796d3eaabc667c23,0.9969036786987899
ck_ac449ee0c315edde,0.00012420520731472334
ck_6f9fd15ac6b163de,0.000964034627774843
ck_4087065be2a45ad7,0.024526177524678377
ck_ecf006bbc78ee3eb,0.37416715385535515
ck_8ca808cc5a49cb5c,0.006672882602866297
ck_94b90ab8b2dfb50f,0.011098842557088175
ck_59fd11b3232de9dc,0.6692342677863803
ck_67f3794d93e2dd67,0.7946473181535335
ck_b7f5acf5df1bb13e,0.0009898924285645352
ck_fb04ecbaebb774bd,0.005077001087586392
ck_68ef3e7301c621b7,0.005640998987018056
ck_41406cfa209b6bda,0.0008157598707843386
ck_b0f8f5408662337b,0.0010443980093267752
ck_0d2901bfe585c391,0.03974292925530411
ck_3398551e81dbf3db,0.018839831636364886
ck_61c3e3e277629646,0.00735020558404924
ck_2825e34dd3e7ea2a,0.0009887133310822697
ck_20d7571ba830009d,0.002429165601046993
ck_c98b16f9a72a6568,0.0001226858370102445
ck_e7c8a9e4641eb9ed,0.00016133951358619108
ck_254a7c97c36dab8d,0.021077638080775042
ck_e98429675b46272b,0.0005822842554667287
ck_c2fc0ac460786d02,0.027831404657642594
ck_fba15647b3a140d9,0.009928853461356168
ck_15ce50f2704227be,0.011218931571862375
ck_8c748aaa4a4554f9,0.01296280786463754
ck_e00e82a9419ff086,0.007584990250228565
ck_832341c98254bd84,0.012009477134225446
ck_27466468d06db4eb,0.015165780840021422
ck_9d7b9e3ff1f3e71e,0.0022948298610523774
ck_42c6973d3a6fe983,0.00017152823032965748
ck_877c85bad118bc62,0.015460582260939267
ck_75d2a2715259c4d7,0.019536965715505804
ck_37d3e5c681a2214d,0.2598270205231151
ck_bf285dd49f372de4,0.00679109238052651
ck_a5bdd026fa9c50fd,0.0040549705484011715
ck_88d9244a9cf7a77e,0.9749982425771277
ck_5881b174e49b04ee,0.0006968695143691735
ck_5b16d67c5ea89930,0.006216739585350545
ck_b75b936aafac56b9,0.0016789519234793407
ck_aed2681e1646a0df,0.015431552531387418
ck_f63cb5e8cc702bad,0.003152438224486611
ck_1805fcfc4a9e4ffa,0.5741117480146459
ck_25c355da356c730d,0.005995015074612435
ck_70396398e4a96449,0.0007705216686412197
ck_0f743bd13373748e,0.004030985346755052
ck_4b387765f0e916cd,0.0010913563633045949
ck_e971faae8a10a260,0.0007320409570068199
ck_9eb08369e983abfa,0.0009852459210847669
ck_c30c5844512e429f,0.025185157576923984
ck_59e77e3a81f1fa0d,0.004999541560381421
ck_ca4465f2b5c1a52e,0.9992970582375568
ck_c89b9ca398402f1e,0.0010071512691072707
ck_36e72ef9273e7a95,0.0016002515412917428
ck_2bdd8616870e5e1c,0.0003854231987278626
ck_216e87a41de22b5d,0.01314959115988609
ck_60f4fb44f5efe3a0,0.0010576881088712356
ck_05652e8ace6ce6cb,0.00039954072713164134
ck_8c136dc691e65695,7.208755120538485e-05
ck_a08f8dfadbdca112,0.0003405988669133842
ck_bda4041a3e90d860,0.0034567526883281683
ck_15dd3ecaa8ce0245,0.9952929909746506
ck_3e3c64b3b7876ce6,0.012144769569860613
ck_46225858a38b2e57,0.0009265126380441259
ck_0cb9f54928f4feee,0.005603917447173652
ck_152671fbf8a9a78e,0.4053739148080808
ck_ee7a515e87d17d4e,0.0011786891390948178
ck_f7276091bf513d22,0.0069149049974725815
ck_4f05daf1cf0d5755,0.0004757466025090776
ck_83a69c4a5d55ef19,0.016600996099952654
ck_c50fed2a7c9198c0,0.006781579897085825
ck_70d19d5650ddc8f5,0.00432171364768561
ck_4b4d99e443618904,0.003826329978671287
ck_dca0b6ca93311ca2,0.006666419158667522
ck_b7431d4706461ec6,0.001025150574440034
ck_7b59d22cadef3b05,0.4276364307785544
ck_53428573abcd606f,0.013699381204080097
ck_f538ab6aecf2adfd,0.00011317477564271824
ck_d321249fb065d2fa,0.0567217098832658
ck_72fdfc7e6d8e1436,0.0009549036888393568
ck_b52b99dad89ecdfb,0.02658204176603605
ck_d2d4282f9d256b3e,0.0016063868677624227
ck_c8f2a1dd8a6141a4,0.0002655156248047318
ck_8d38747058d0aeea,0.979705433662305
ck_3ac528caac74f563,0.005508966766562981
ck_8dbaaa00ad829ca9,0.006592132414587892
ck_7c38ec898f0fc21d,0.000627602949682379
ck_8171ef803f5ff604,0.004929835220842906
ck_01a750db6fc1168a,0.10006385749552749
ck_ceb017baa26e98c8,0.07147166331549934
ck_e2c66c72cc0b0f78,0.0026985336300343363
ck_8d9518f64b222416,0.002981063613720957
ck_804c5a1fa5753617,0.005839485837653242
ck_fca7cc9c42695453,0.0008470828893914166
ck_3a632cdf2c19051b,0.012001643261113712
ck_b2b63ea65edf1dde,0.006866260646976768
ck_27b07021500ee841,0.008563657172733927
ck_9724718fe64c6557,0.9965721751368799
ck_2786cbc3e75ec034,0.5916173465243638
ck_d9c2622cb6df380b,0.005879086754655203
ck_ae1da8ee98e402a4,0.00511551321674521
ck_62967b91504149f9,0.005695154831206206
ck_6b255bf68709109a,0.001296981644630674
ck_c55afc68421d85e2,0.00029499569577743484
ck_7c7266f6ef2a8466,0.004717997468205154
ck_885cf685a9541190,0.782374310343822
ck_1a4bb7d3d2ee3227,0.029533824002075493
ck_b4911c42f3bff740,0.0002684993076825763
ck_66f9f78d4c6a3edb,0.006025321250985769
ck_49bdba9ee1899dfe,0.0012358840836424927
ck_79b235d51718435d,0.007046889676159904
ck_d840db8cfe2ef6f1,0.001004361815148537
ck_610c7bcc1cd7ecb0,0.00389460153598119
ck_cf49b6544aff6c50,0.07060547137006098
ck_de05f97c3d40dd1b,0.006149609687122326
ck_0302f67d75973dce,0.005289515584009872
ck_54c2604c9ca6256b,0.006247315022059474
ck_a1c88c0568f142d0,0.026037744671962026
ck_5d72ff6cc2963d1a,0.0015601625187221203
ck_0446920a1004c596,0.001188456202392357
ck_71044c29ef071570,0.002912846345559934
ck_2122e9bb1afffef7,0.0008609101371074114
ck_d1e3de178601d3c2,0.010877485208595402
ck_bec8324a3587ef04,0.0009120372761782906
ck_b616b6f45225f319,0.036726550959452035
ck_ce1e695884511479,0.0025982232499976122
ck_a662b4bf900781e4,8.341422173981318e-05
ck_b5a84c5547378c10,0.0003966594318735266
ck_f80af368cfc6cb7e,0.00605377932218199
ck_da3526ab6c5c884a,0.002727292691476625
ck_bd20be9a3392d79b,0.000524718043547383
ck_b8266dcd90cbfa62,0.0005149553796588233
ck_ac84b33304362c06,0.0070677225887409555
ck_794d8935a895e33f,0.04600350504189392
ck_8fea7d915259f1be,0.0013036814044483987
ck_7a1519ad5ff45312,0.00011745568060223029
ck_9bf3ce30b65f75c7,0.012280718177140038
ck_5f864d72d1eead99,0.05898408999215691
ck_3c48e0cfc2a58041,0.13734205271420563
ck_d902183f80cc81fa,0.0048679421269319165
ck_539cb0d117db8cd3,0.038525652646876886
ck_28f530aec8e77130,0.006917264871640026
ck_e7d903c50d353361,0.16039631973912358
ck_d288b77d1e227970,0.015022869942759209
ck_017208fcc01b5d40,0.0015003139636580517
ck_7e3923d278a5106e,0.008344022453522377
ck_9700a00ff9e66216,0.007303278988655485
ck_5c36c78b7a4d138c,0.0007514987592402668
ck_c457e9c9224b773d,0.007556447225674434
ck_1dfa91405d7e66bc,0.0018229843560569879
ck_f1d8a2695a575e56,0.0016493611305365464
ck_3b92a46daf8d00d2,0.002944180204658785
ck_aab23b5470469649,0.002877668902157433
ck_ecdd01a391610d99,0.0010068796092847997
ck_abd3aa292f8edb4d,0.005943425894279972
ck_7fc9a0776e1339e3,0.0005636573976944932
ck_c0389ebeb0e65cb8,0.00018558963609599752
ck_48d0fc4f6a2109fa,0.9956858872584224
ck_571dee4f3336c7ce,0.0033995820281740204
ck_4cedf26628c84f26,0.02613850016514759
ck_63356762d24aab81,0.0047885740737114765
ck_2c5bc11bb7ae5d2c,0.9775738046422559
ck_6d26a152f900fee8,0.004090022469407957
ck_c972b0e781efed3b,0.00016043332681243868
ck_fa0ecbcf9a33d6ce,0.0015227129339857196
ck_fa3a766e49dc77ae,0.0025850861474421153
ck_7baf1e55db0dc558,0.013393779111181961
ck_e8bc49e6494c1f37,0.000321559016521933
ck_8ef1d05cc1e53e7e,0.026707992960909237
ck_cef2a485a77e0723,0.0010844253266102989
ck_228a583f23abff48,0.005466640609505176
ck_ac32c6e374782b27,0.007976555590605281
ck_b9485218cef413f0,0.0007285351433846943
ck_7f15503048915d6f,0.00036761798238068525
ck_b62f5144db15ad34,0.004479035181933704
ck_917d82c552f95a23,0.0037399233435007097
ck_fb4797045077bc6d,0.0008093226750156967
ck_2cf8a44e041217de,0.020020413047617806
ck_b7dd681eb3d2ee38,0.0003503724744116042
ck_e9e8cacd2fa35e79,0.027301320213321517
ck_342a79f91de5d1fa,0.004075362439997321
ck_2c91f62c05685ed7,0.002962207519451297
ck_e30cb64302939f38,0.006723728066069049
ck_d0e95b90ba86da10,0.002786328077647138
ck_1774faf414a5d49d,0.9756034867570286
ck_2401e8ff89e574fd,0.8876880629513554
ck_0cd8802264e0a1ef,0.0038145770713357563
ck_da84a0dfe947fd3c,0.0016133593634045107
ck_c8affb27ba7fb5db,0.024524589056448075
ck_bc7ece8787ca7200,0.0034854224713367333
ck_469a0578d05990c2,0.0002586913205944696
ck_eef67f8dea702338,0.006272753314456619
ck_4f490e379e9ded9a,0.0005265846281705645
ck_354379de065a8ff8,0.0008195450797998264
ck_5db1cb368bc41ac3,0.005588430467328735
ck_9b1c3742dd6fcb8b,0.002071278715655696
ck_63ce4f44c92d7143,0.0175275592026931
ck_e15e3390f5ed45f3,0.004078019868532507
ck_da645ea91d66aa6f,0.10172746961445607
ck_834ca727df855f07,0.04386080356708886
ck_e1d5ad20c737c745,0.036977730648938584
ck_ff8059ae5fa5f1ee,0.0002289864086228656
ck_8bb9e75393954a1f,0.00026615840343277434
ck_4e1757d1347ab387,0.9992851183505262
ck_af3f74b1d75a5d95,0.012418390298007754
ck_6b1ab0742ff04c3e,0.13589900691673096
ck_f56073911c9f1ab7,0.00030543522715173086
ck_51bd5f69b4fe0b92,0.8877662539983939
ck_fc3d95030b81f416,0.00023491283822746264
ck_cf78169633a1600f,0.0005669683308342191
ck_ad7269eaa65c67f9,0.029174208719550843
ck_cc6d33890d47a6cf,0.006312634561502642
ck_bc8f31f4a2ffa1ae,0.0002635448995008633
ck_720776a46e56dfa8,0.004016959581482431
ck_e2d1f212f259539b,0.005534105562185588
ck_eaf6f7082c3db2bf,0.02645351433511132
ck_773efe58c6278c3c,0.02223727599623624
ck_c4a72c09f2fdacc4,0.0013015872751221899
ck_8982888dd6611143,0.0012268306715589538
ck_9d5049e195eda029,0.012142272988667702
ck_de58ef6f9fe2b546,0.005677133169706212
ck_c0b50c11e4f5adf7,0.017517379834168734
ck_ddaf228487858bb8,0.011999690844079446
ck_eb2323215ff70362,0.01171682283273103
ck_168c96a1a636ea15,0.004041892399298006
ck_9c46711b14d9eebc,0.0009563267521874884
ck_de8af660806b97b5,0.0004896116799550044
ck_6ab83f45bf16eaa6,0.007549274549243258
ck_bf2228a052815840,0.0013292818212387238
ck_3f943f20a9da9bff,0.006903826516542122
ck_3baae40454c00938,0.0023210105034793516
ck_bc2e771a1d8d2dee,0.0936058353376459
ck_e55f5ca37f30ce8c,0.0021001990600417225
ck_4ad5937bef176d89,0.005377167241005775
ck_126531a9126c17c4,0.000431522406369561
ck_7ec423cb56257516,0.0034430040670038026
ck_54748ae0f2daaf10,0.004244363964456222
ck_ff24776280ceeeed,0.009126233272729036
ck_3c3a1a1365741bba,0.0020623219835158558
ck_615277c8a4e2b18b,0.0007680057115606613
ck_a96aaef34173aee6,0.6551602853472727
ck_bea56db7f3e930e8,0.0005257483130941248
ck_ca491debd3b32a59,0.006361732841090366
ck_d9ea77f4114a389c,0.002951147574620263
ck_322ffda3332d08a2,0.005301674223427441
ck_c40ffefe4e30b001,0.02717008247728433
ck_3b1d7648d4580bef,0.0010409972436014644
ck_23981a3261674131,0.003995476196355022
ck_11667f5b9fac7bc7,0.00033572634182421054
ck_646bb3c7be5f0817,0.009026858555809569
ck_ebd0a45712dcf07a,0.0005592857075622993
ck_baf43bf1bd963f9f,0.004920228044715173
ck_e0ca2c819658f6b6,0.9948509736777374
ck_f0d6633d0834fff5,0.010087242841511994
ck_91081be0254878a5,0.00503460791070304
ck_1325000bc7f35b5e,0.0008175112583939962
ck_c624b9063400fa3a,0.008885763185181323
ck_0ad6fa0e23c3bd0a,0.016873077236312168
ck_6ddb55b1f23c6cb1,0.1271830324873262
ck_dce1fb3acd65562f,0.0014415776974456831
ck_a9aa389688ee5aea,0.0040521082346729395
ck_5c5284c45d9ad8bf,0.005032427471692346
ck_9ce743dd3e92549c,0.02258809128258979
ck_8342e08cc2f9bcb7,0.0007193371503561418
ck_25e551a0a8d2fcc2,0.0098776871707058
ck_d4fd0e438c97e0c7,0.006335813967306902
ck_ac7fe1c344190c50,0.006801885825926872
ck_ddd65711b5651f89,0.00133476939397972
ck_ec7406cb5cbc8f10,0.000651698628042766
ck_1c65e8d5be3b9c60,0.10111849290302385
ck_38ee42f15a573e81,0.02404875082543785
ck_0e5385c70c6de025,0.0028948900815977154
ck_d3137f0f7629040b,0.002858110152155016
ck_9129c92c12e0c8b4,0.000885970285505972
ck_c86520a00e50a926,0.013575645949487828
ck_87f82b2b5fee757a,0.010578863353882896
ck_643abfbd7548d0c9,0.013547937823581402
ck_be51f4e5e6b85768,0.5480433085258631
ck_132c16312f37810f,0.0019093868511910052
ck_c78c096ca8cb33ac,0.0010151554152198485
ck_2ce5afbc014763b8,0.008964708425943841
ck_50ed8f4e7ae6710f,0.000738562414956987
ck_5a4eb535c9a11993,0.025430527507520756
ck_9b665ef46d785324,0.001513779669177116
ck_e066f71f8b296b7a,0.0018413164771852737
ck_560bc6017870ab06,0.0016372674618336622
ck_fd78f8a8663646d7,0.0030743946674356135
ck_4af5ec61ddbde1a4,0.006484846827223946
ck_c2ed04a9d218410b,0.004155529716635921
ck_2455d43bbdd2bb69,0.0036182005593833567
ck_56eed7041add49a1,0.27963631658300125
ck_5f0be7b468a72333,0.00154895899765023
ck_19660cec756632ca,0.003715858211148306
ck_fb90408f4892a21f,0.004095206398054696
ck_833a65b86a5d9bda,0.00011502166751676691
ck_2ac36e1dff211d38,0.021331930840853157
ck_c00e70606904539a,0.00704484146731419
ck_ba8affe4b9505a95,0.9539672836552002
ck_0c3dd22587b08018,0.02623875349974981
ck_618c4e5cfae99dcd,0.029940719908033087
ck_c9690baddfc4177e,0.0006321578309072101
ck_59fae092fb0c4aa3,0.0032980681055749814
ck_e03b7d0fa0b28f4b,0.00040496311624135806
ck_d451d24c780b5884,0.003093969392627841
ck_e980d325b8dbb8dd,0.00027092210663653423
ck_cff18e2d8c520272,0.0013334304657836604
ck_a0e46b67e986ab56,0.003465640652325276
ck_3a469039a5b9d963,0.001481178441108634
ck_12cbb211ebd2b437,0.007327849089101378
ck_b8cdd6d6dccc4554,0.0019738911145978015
ck_794ba5921cef50c9,0.11354809132516216
ck_2c7667f64edec2b5,0.001234294197455067
ck_7262b4e0c29c942d,0.002427104454604793
ck_5d818522cbfe2a54,0.025124915245537525
ck_de39c1947fb675ee,0.002815259021611811
ck_c021495606b4735e,0.0021024544004490443
ck_1fc03ba33edd9e67,0.015846841492433907
ck_a6fe344bbf67f14b,0.013588472088086518
ck_963762210edc5694,0.014475574905727012
ck_d064428b7e7dc409,0.0023044632044802492
ck_59be61b53d971611,0.005117807996521819
ck_ec8738ec663cd2eb,0.01304453197182479
ck_59d086fab5998646,0.004812925951169794
ck_bd32dd3b2cbb7888,0.9992535269895118
ck_ce0166addb93bbad,0.0008751633149760192
ck_7c0fdfbb447cdc04,0.02989137682257482
ck_cb1bd7635968ed8c,0.08281928184220187
ck_66f94903177f20eb,0.003931632193670773
ck_1d7cd5dcbcdafd7b,0.6349961066509066
ck_5e418a7c04437b4a,0.004260607853674247
ck_631ea1ae91ab333e,0.013481508570915929
ck_0a8029e79a5ae7ce,0.01671665560130308
ck_c4cca8278bdad9b9,0.00012009537028586758
ck_4dec3df58077a257,0.008480026159727235
ck_609c249edd88c565,0.0014990088673558619
ck_02e5f9cbbbf2f078,0.003690138743001207
ck_32e486859130458f,0.9967287087834533
ck_21ed2ea6386c5a07,0.0007824183425629283
ck_1242aa4496576a99,0.004404998924514406
ck_475ea9aa6d3898b7,0.02281917585741896
ck_fe1b1adae3be70a6,0.4932884374159941
ck_c5414d7a8031d4f5,0.0015354122346272839
ck_ca1f6f01868e978f,0.00036111655336004017
ck_5eff0208c74ec714,0.00417861708938248
ck_a315c9619a317609,0.027884627510282162
ck_2b87683c90acb852,0.00814702117380475
ck_7cd9f39c50748ed0,0.0006113964711392581
ck_16a06d58d71935bc,0.017503213484328393
ck_d116e0e7c19b878e,0.8058614939182844
ck_931510e384b1d0cb,0.007676835119292338
ck_e7651fb87bb24132,0.0005733633223999488
ck_88ef9f85948e1a01,0.0011614879877560606
ck_17bf38d51115a8f3,0.0005735327082040629
ck_2659d1d3762a2825,0.003007819336383119
ck_a7285955e2852686,0.0042420117969077815
ck_f2c33d5b65b321db,0.017294122626020248
ck_83e5979334345622,0.009899070472106673
ck_629537d8b4d0f395,0.0066995963280669256
ck_72022008a92c9386,0.012365262580308052
ck_2973b8274f0bf69b,0.0039631272449780625
ck_565e3418d2f4061c,0.002230351887609748
ck_54bb53b8f8ea32ae,0.9894435665317767
ck_af0a6540ea7a36b2,0.0010654145236335395
ck_888651bfc2c8cf70,0.003092403746064541
ck_1dedcb48ac381a1c,0.23077810137234822
ck_f73273e220296be8,0.008740531114176137
ck_8424bf65223a5a9e,0.0006762577320444502
ck_337b930fd149a696,0.0019839526828604234
ck_8a4952de8a123ef8,0.0026451079673625102
ck_884168153c9c0c81,0.03317060195867383
ck_fdda581aec411010,0.00019275181878457417
ck_2b7cadbc8b180d32,0.9097129387417455
ck_8aa8b9968233a1ab,0.0006446836213364726
ck_0af18b3ce015d294,0.0021033207208246817
ck_8dde670a735d1e90,0.031883105098691925
ck_62f46226f244139f,0.018653704151432016
ck_f948e8a8fdd79b4e,0.008306858009317629
ck_fa00aa0f3e859904,0.008533805340482994
ck_fc7935f784a4f249,0.006948107269972223
ck_e7501307c0698e5b,0.004245544520998985
ck_549ed417f2834cee,0.008453380523770405
ck_fb2a35571ec719d4,0.46697681952568504
ck_25822068c86c856f,0.00028383501403702227
ck_8f35d229b62c8f23,0.0022551515016024466
ck_bdcf049c1e7d0c95,0.002023148778192517
ck_0aa9db36eb16422a,0.0001371285925166115
ck_42dcf92e9e016922,0.013555530251595598
ck_42341cf31c08c981,0.01311083192875826
ck_0b20bfc515ba42a2,0.007839363711464226
ck_0ec820b670d48098,0.0002427065231605685
ck_1f0bafec397da8e4,0.03946378573586852
ck_82f07504ab59ed33,0.01413185250805046
ck_337b24a474010abb,0.9991016988632702
ck_703703bda38fdcf8,0.0038330087677932874
ck_01e7960c63dca3a4,0.9712401485391029
ck_be5bd81e3715cb8f,0.9907585089780367
ck_197f8058cea1fbea,0.0004309825887929535
ck_eb3fb1106f2f1b21,0.04322841461202972
ck_658b4b54be09a4bc,0.9994560465985318
ck_266ce7ccf41ccc50,0.004866808996619415
ck_110608c3b03d4038,0.9146959686485523
ck_1be8cb95d6d9bbf8,0.0004852289278772802
ck_8e16a64a776afa82,0.36582437587847755
ck_34bd190d37eda534,0.025442504058306524
ck_4f521611ae14ae66,0.0012878875190246658
ck_d839798f9520363e,0.0020708443427116608
ck_d1bbfd246c0ac9d5,0.014078044111326996
ck_f19030e6e85a6776,0.028856835683271388
ck_cdabe60ab59f9d5a,0.0021762672786817907
ck_bb84b2b30293f566,0.6424499421498518
ck_427b91925952cb40,0.01109813547405981
ck_1078b1e155b5b640,0.005271556933937723
ck_95fdc264eac72fa0,0.00072852787438635
ck_e35eb857c61548b2,0.9483599333008319
ck_69bd0b1abea7e1f0,0.14408249718917854
ck_59de511b20c842ba,0.025206031899805564
ck_168e7ea341a36b80,0.001070776256105622
ck_4937cfa6526ea138,0.007400280308122571
ck_bb1a981306b750ac,0.029868101460504733
ck_f42a43e4c3f34ccd,0.0024654905281616167
ck_c7ae1d4b3ab38185,0.002157246875200791
ck_bd23cf9bba1dd33f,0.0040425143263694025
ck_0fd826fad7ec7cd6,0.0070311120027963135
ck_f143641bf3dd0414,0.011787474935493088
ck_ad6d48c20a3688a7,0.0008974693939446067
ck_7bda5b5b927b2905,0.017700871308753703
ck_a337eb38eefdcc88,0.038143868999733675
ck_403da2a2d800df9f,0.04139083599342202
ck_aa01d5aafde73d0a,0.000700222468661303
ck_494954023f0eb309,0.008705541466371206
ck_1c6820fc38135ad9,0.007528824100921927
ck_0e0bab173622db9b,0.026841082146494867
ck_547090bf35a3b243,0.00802859224476947
ck_d69455220b21dc9b,0.003429541970332367
ck_90b4ac695b9c6bf7,0.0026595709162870016
ck_8d2afe17c0082e6a,0.013879517414110712
ck_926b81c0ba528eee,0.47884446963424054
ck_ce36b0c287bd198e,0.039192752984126694
ck_8026e017909aaa6c,0.0010811781641512637
ck_dfba788f35d4c372,0.006399578099515499
ck_f09f9d0e0886e0c6,0.0022937231870567075
ck_4ffe0366df388604,0.005344793415312727
ck_75bb521de55644c7,0.005801187405617765
ck_81a960fddf79ecf1,0.985283586334187
ck_8f43459991ea511f,0.005187470429215984
ck_f878b68d66fbfd4b,0.0003880015571464437
ck_e84abfc0c747c9dd,0.9337714669721977
ck_3ad3fd3cceb56b66,0.9429886640460122
ck_7cf562578c7f158a,0.0017259573164298768
ck_f81a97d350397306,0.0050500299678603346
ck_255d87b7fb40caa5,0.02242081196518553
ck_b3905153b9eee924,0.004161391095959214
ck_2c80a592fb4cd6a3,0.0012927726438113731
ck_57deb202d4188a29,0.000760021133191616
ck_e3cb5f31d8e94448,0.9985766358559806
ck_0db62d5f7f75f80f,0.007910992554477247
ck_ced9163ea85589ea,0.7477822129419789
ck_e16528edc694fb33,0.9958790712465962
ck_78cc5ec4940fec3b,0.0007216780210846775
ck_31742076e9a998f8,0.01219531647801769
ck_5ac335f02280271e,0.0065696565266273165
ck_7cc2e091806cfa5b,0.02394789967262316
ck_3152c7115257f084,0.004007038368633364
ck_ab1b9d019921bca7,0.005168184305959495
ck_c33a762d98f9b290,0.000859445070831464
ck_b16a7c51b6f7a6b1,0.03305260576911216
ck_97402a153348e68f,0.0013484078226233226
ck_95391029a21caa24,0.017833425877000927
ck_c2015a1200971fe9,0.01535472856672091
ck_ed4427962c68918c,0.9234332107916874
ck_c5e4a17d3efb19a4,0.12857617744322433
ck_8aec3d3dd51517c2,0.00074071538296994
ck_f5178a658225d8e4,0.00018259092006937304
ck_8594f165e95316d2,0.0011797873861267454
ck_f0c4aac04076a6dc,0.019867885639539156
ck_ac2f7397801036ef,0.003120533412383648
ck_d1ea4bcc407c7d5e,0.001496912967491101
ck_cce8b6657a538fe0,0.010939215682986463
ck_66d0c6d6b67a8d58,0.001524617052542921
ck_1a6b30320835e57e,0.0016152436836348078
ck_8cd274cc85aa35d1,0.01276108132978097
ck_ada46085a78280e4,0.008818415556444595
ck_ce1b06623e4a815e,0.0029619237268234716
ck_45e70c8a9686580c,0.01932276822360657
ck_0084d8ab6b1044f3,0.0018422750089219838
ck_a5f7b6fed6df2aba,0.02620568289223571
ck_94940d783e7988e6,0.0014272657237445756
ck_00f9ca84d1d8ae7a,0.00079180609988441
ck_0deb56f3f6452818,0.0006402038193275407
ck_a58e900469dfc3f0,0.01148455843581215
ck_028c41b195280980,0.00044591508986288576
ck_7661d7ceaeb19f97,0.0022580413508301953
ck_6957905a65c47879,0.0040861737006544115
ck_f7c6c26ef3c4ae06,0.0030362791966979407
ck_8777beb11aabd66d,0.008760103081630827
ck_7db098a17374bbf8,0.9937069334752682
ck_66aeb00e44486cda,0.96955416007551
ck_838c52cc1d315ec3,0.004495982978656216
ck_1745847cd4e5dc83,0.0163908951494105
ck_201687857ec8b3cc,0.0059825759384782235
ck_81818169208a8cda,0.002611248256001237
ck_3303fd3f64632c7c,0.04038264408244181
ck_edf1096809e83ef8,0.0004336988255850045
ck_235ce9603c7dccbf,0.011412388420002431
ck_9df7e153868bca13,0.016884107856878917
ck_3cfeade2cf270fee,0.00024523828841855526
ck_982b0bf2e2b6c4f7,0.0012032261416998068
ck_faeb0da678bb86c0,0.0010556529538823716
ck_e86ad2fe815b6ed9,0.0032544664227755716
ck_70d69e5d1bb99e85,0.004377953859840503
ck_7e9a8924eab779e6,0.9754267416262323
ck_019d5891103e7da3,0.0060818915817994045
ck_14f0484b3817eda5,0.0006461163766815237
ck_85de63d278f0fbae,0.0012934281503916944
ck_ae91b4cff57fb3bf,0.004217674585111075
ck_2a6d43b9f883b78e,0.9711588566152818
ck_7a4e3d553e8ab5b7,0.012376477354891786
ck_fdf89dc69f700f84,0.11799972149844395
ck_f92e04024bf13558,0.0027407988456220147
ck_4a522ca2dc4831a0,0.00011281728715422839
ck_68ba25dc3385fea1,0.016221838665152973
ck_22128a4f0d033422,0.003945097347694249
ck_5b52ee0a13c71590,0.0006967113642873832
ck_59472d17debedafc,0.0009104731320325708
ck_9dde2c63acda3ba3,0.000623858593747616
ck_7510b1023cd08531,0.002628649901669954
ck_071ddaaf2e4e3671,0.0009079467109664041
ck_1355db6f4010232a,0.0021786785915157733
ck_0a7adc2f27f98510,0.019628176021917708
ck_68250033717cd59e,0.00043355244562608174
ck_7c12de74de30b788,0.8892515953033213
ck_65491367584c730c,0.003327584307021602
ck_e9047964952bee70,0.012489993060363871
ck_5567779d6ba184eb,0.0185048253606541
ck_d6ea026357ec6477,0.005537099246768654
ck_cd7dcc884e283746,0.016932599801541826
ck_0bd77fea8ed75a15,0.002161252614071938
ck_e80883208e8d0453,0.0066332974357859575
ck_2ad0ecbacd5acf8e,0.9637105452908266
ck_6c1dbee7e8fdd5c8,0.05034500788641801
ck_ee4d9a7449515908,0.001181795813871835
ck_636111f7f030496c,0.0009782866055727474
ck_2c629c657f73941f,0.004200627722402874
ck_c1c9d3842d758420,0.0534874852654542
ck_e4df7faacdfe8c40,0.0093402847111044
ck_94e8142728e44380,0.01714911771744266
ck_765aaf42c5088545,0.00484916290526619
ck_e0f845159b6e6a4a,0.0058442302993613245
ck_5bc07deb82edbad7,0.0003223487704678789
ck_713159c5c6a7a4d0,0.9996008911900385
ck_b08afc91d9ca55db,0.003493196563745384
ck_a7bc323ffed2ea97,0.10258720735923718
ck_85ca825f905a34a1,0.0087061067903806
ck_33160c443d4b3f19,0.0056520474007012485
ck_832d39c590a3ca75,0.9141544492047201
ck_7d1661a34164406e,0.9890583813334931
ck_c2466fc40fc9d5ed,0.9886794958008176
ck_ed0e776c0926ce67,0.05659077721714001
ck_cdd2ebeec75bfa69,0.9374546849612351
ck_d7877684c7923ec3,0.0009731499839283703
ck_7384d4d2406aabf4,0.005572964375611569
ck_b8e5244e650aa81b,0.00797090431760624
ck_25a1ea40b2d59254,0.00033198212752159347
ck_b9e5b318ee4de68d,0.0017233896875916642
ck_620d7ae27af83cea,0.004426124666343253
ck_40b4e264d1a12b83,0.7327864849429337
ck_b694c803b62862b3,0.059313738561750706
ck_cbeca201dbade3e5,0.07259991953814234
ck_f9b439c9161c3e52,6.027475840009274e-05
ck_9880410fcd10a28e,0.0001642135140027098
ck_74928f5f91aa12b2,0.02735404270331198
ck_b6673bbe61d2680d,0.02628852230183134
ck_53c8315b5c30acb4,0.002340455226816952
ck_78f01d78ea79642f,0.005113641500020549
ck_8582490d6e365a63,0.007366215589625448
ck_af25c72d16299258,0.00032762676465268955
ck_7905fe8e257b0449,0.10623423034151638
ck_0d16d9349e4a9e08,0.0024312062094413124
ck_31b16b8848584e98,0.019295369380531
ck_67207e3eecc02d76,0.007139924444199005
ck_e6b95ff91116a592,0.004359050255616991
ck_c08f622bcd6de6e7,0.004092010460622965
ck_f9a68da9e0f0bc85,0.002017646018599522
ck_4072b59388976896,0.003990168162791111
ck_8ec86e853ad52828,0.0366819498147916
ck_4fecb87eaffd5cb5,0.003466138028077172
ck_d6880578428b965e,0.027440408547228838
ck_bfc82b3c1c9f2897,0.8718525874796406
ck_c340644176ca03e7,0.004602680675009246
ck_321e740066fb05c3,0.05989263900037902
ck_8929d2eb09872052,0.026901703597432863
ck_205c107cec528414,0.9614741231124493
ck_e76db7d2562f9836,0.0028424166149281214
ck_9ede51c8434cff6e,0.010318961564806434
ck_492e4b89c61b7b6c,0.0020350199146491345
ck_9385f5a1eeebefcd,0.0026932627641791645
ck_ee52c7bf88f952ab,0.002903846633181155
ck_d8116c34302021d7,0.00022087681608720834
ck_01645ea51972e99a,0.03064251662924474
ck_7b45ed23304a854b,0.004569009704283019
ck_2096d32f3d497ea1,0.008418398117404184
ck_dfbb2056f1ef7d3b,0.0022023527520058884
ck_938ce30c864bc7df,0.0002867651255409363
ck_ff30dda2c881a4bd,0.6678295879697415
ck_f88c79186a082beb,0.20122761456790667
ck_08c7bb0f9851cb76,0.02076295434245342
ck_2675e7a008e584a7,0.006859505402591245
ck_cbaf8a954281d4e3,0.9719541038620798
ck_8b24eadf6c72b30c,0.7996233777022381
ck_ffc8e3c1377d0706,0.0011252683232993508
ck_5b59e859bed5b40e,0.005356012281469788
ck_7b61717f172f9317,0.983250271723071
ck_e5c30947b732f661,0.015541084340087153
ck_bc273f3ce79f7e1a,0.0005077424891490854
ck_f69e93388b3028cb,0.023061530233290568
ck_3837ad850996ba60,0.009860525792984272
ck_36d78ff3bc033ee5,0.003450283868229402
ck_5e20953547ba4135,0.03294375960034911
ck_258d661e450ac870,0.0008915030629736316
ck_1df66f537496ca59,0.01567474442704929
ck_361f535599110201,0.009108825767117926
ck_337e98c69f6e7886,0.0067140790909103855
ck_d3d5b2717cfc3913,0.010210254891337787
ck_b1dba768dbe7affe,0.005938074108114394
ck_92d782bd9ce0d1e3,0.004171238214679568
ck_26bd0f8898afc8ba,0.0005888680163260385
ck_7916e53daab36745,0.12106587188999371
ck_2caf553b31831a50,0.004464635688639303
ck_c6200734c7f9b2f9,0.951025920099226
ck_cdc55623cb16e6a9,0.0024786124120010225
ck_57849e15b61c43b4,0.0006174253630846507
ck_b7af9b2ee0eebbc6,0.012342047851861698
ck_00aa5fc3b3bc66aa,0.006430543001141873
ck_9929723f65636c7f,0.908305550395848
ck_8f6cce9f69912983,0.009431117462367708
ck_c422ba389ff00781,0.0003385075496848548
ck_9ec7f334604a228f,0.005790541302370491
ck_5d01200ba3341462,0.00859502728136043
ck_2bf10be403849c9a,0.0022969949447283135
ck_6ca018259f70858f,0.001018937841056171
ck_a54dc042ebb7c766,0.03750648045325045
ck_79da63fc100830b5,0.0038565786337098314
ck_67ab6f9e05c85085,0.0005837343086155583
ck_fa80da579ea9afc0,0.002739677332953434
ck_4339f86c87289222,0.9665837199145868
ck_a2299b4f530be0d6,0.09868711251709707
ck_19db0bf788697c2b,0.007404275439484792
ck_fa4211c4d826d830,0.00019170759789101583
ck_96100d5e8e051e91,0.0007964834909418281
ck_5c3a671883d58b3f,6.212157944843486e-05
ck_2d9524787cfe1ab3,0.8914962412721132
ck_47ab8e51e5b3a2d8,0.0002701329556492616
ck_c924f36bc1bbbaa3,0.005082239580217105
ck_5c58e7f8fd55e26c,0.0009254212555605691
ck_a07e7409d6d5aa06,0.0024353581448597465
ck_c8413898f5f7cb7d,0.012718604204168541
ck_577c816b41cab002,0.9969817163675572
ck_9f7807ed64cdb728,0.011005302081551057
ck_495d814d6d6d521e,0.00027796833126607254
ck_7aa8bc018c2b003b,0.0002761052518035564
ck_7c3a6a82f3c3241d,0.004458466344521605
ck_487f7fbc290e4ae2,0.002545160853656533
ck_e556c4d36aadbe03,0.0005827335485618713
ck_7e6569a1b2455cb0,0.0005280516112025876
ck_de2924955926d046,0.007639328725772584
ck_73d60b4630e3937a,0.0008808463950101683
ck_805ee564bd35ef15,0.012947057565786329
ck_0d40961e47797027,0.0014000991897319633
ck_f06d00a4f9c87d80,0.0012301358251185241
ck_5ef50fb07b6737d5,0.003585267672807118
ck_16541fc15683e21c,0.0008788460767835537
ck_09fd43f1b7e2eca2,0.0007180700208222069
ck_2a2c336a69b8d68d,0.013056314341424407
ck_2685f38930866af0,0.0034545146583331377
ck_298278a9da874437,0.006569317877898937
ck_00bd7803f2530c68,0.004578713496925587
ck_c2b4a1d8c0b6c1cd,7.777710065442293e-05
ck_2acb54ca20c3af6c,0.005578852072787818
ck_e3d4b6f681c783ab,0.0014205501780242408
ck_f90293f1eba5d7b6,0.02412350611693638
ck_e69d27e8965df0be,0.0006337713682230509
ck_b7f5d10b427346ad,0.001507605905632321
ck_1ce20e4223a936b1,0.00319460833934278
ck_6b97d1ab90f6bdeb,0.003996320062176698
ck_e30e17db5473c7b2,0.008036078344669493
ck_154c8efb19dee665,0.004817242723779503
ck_6f5bb0c930644cae,0.999561627356958
ck_9e17699baa83d173,0.00017099498132931902
ck_9693b1eb70880205,0.006384386200242384
ck_1e97899875bb427b,0.004268240613218576
ck_558a82590f65df69,0.00035602409860771274
ck_18df83242ff3cdbb,0.7882627689020972
ck_80ad4396e1084c68,0.01571437562102499
ck_0a993bc947bab61f,0.019925627630774188
ck_5c2d43ff841632f9,0.0008963063754234126
ck_6e4b99fb9725d9fa,0.005558739586661237
ck_e0983999ca26c19e,0.004077467048256175
ck_6573c4947cc8607e,0.022948055654474366
ck_d879d645d6e44207,0.002811448932095352
ck_1375ad9f10688e4a,0.0004741801221830893
ck_7501ebbf4e21f160,0.004393757326435733
ck_ca60d61cd4dc3bea,0.0005258381364234039
ck_ab9ea095a5c58b4b,0.012879305261678072
ck_23756522b58df5d8,0.0001931912324143854
ck_90bc176c43d85fd5,0.038310954714348686
ck_908b663b2dda94ad,0.018085774916626433
ck_4df2fb8e4b649e27,0.0038483175691706325
ck_5615c6bbdef05291,0.028977263196796665
ck_b62f3e3185251f71,0.0005542022607134608
ck_38d1a22850178f33,0.0001553203065277476
ck_5b3ba20c8bb1383b,0.003456268271486631
ck_5576ffc6aaf6f22c,0.000265870367099069
ck_cf7a022178165e56,0.0016433263550339333
ck_f2c7a4c50e2ede96,0.017708865556096975
ck_285719c77eadf915,0.0004687366838092586
ck_f2aa1b677619ab19,0.0028801942797296886
ck_3830c58d841e9e69,0.2897454441056832
ck_32eba3510c8eac5e,0.0023572824814452813
ck_8955d7b9030d5eb5,0.0010233285326162703
ck_6775e387dace7525,0.006482612829454287
ck_0a0cd7f4be606a93,0.005926517255041763
ck_a9f700eee5d638df,0.0046334064004759385
ck_3d7db96995745472,0.015656053298844355
ck_aeed557007d52e9c,3.329726445082293e-05
ck_79b6a86830156b5a,0.008692653126126767
ck_6a1ff9d69466181c,0.9996524383848161
ck_f11b1565f986f5e3,0.005440968442406424
ck_4819327a78615485,0.008194547121486324
ck_3ed9e081959b2f5c,0.004652214990872189
ck_16af4be191c47d3d,0.00010690165987092861
ck_25122cc0e8b1a662,0.024871795749315195
ck_509c22828d467ba3,0.00639894954098391
ck_31109c899336348d,0.09136286068719975
ck_c51131e53baa59c7,0.00038061120860026834
ck_cf8ecabbc61d3e11,0.003133670412876851
ck_eb6baff0f85ba936,0.011343734242192155
ck_777669e2243204f2,0.8727235490377426
ck_ac0ea27e692acdc9,0.012855213180750311
ck_4c6ea04ce8ca9e2c,0.0005190074320985867
ck_ca54b32fca7e94cd,0.0008755356138612049
ck_4dfd8947f540eb24,0.011710201125334104
ck_95aff1fe27fb24bb,0.004332513180899165
ck_c7550723b90e5615,0.0014410681498675262
ck_57b3fee69bdf85e8,0.0005004548224334135
ck_f823407ace7ff064,0.05631136312892811
ck_a69084a068bcc8aa,0.01846839649815838
ck_c7b17f7b24bef5d7,0.005327332868160518
ck_7c4e588f927c27c8,0.006014692061560556
ck_77fdac602d0c6f95,0.03724878551369794
ck_e963d8525018d072,0.00912450975346757
ck_6e8ebaea8f7bffaf,8.67802985873996e-05
ck_aa42976a31cb7770,0.0010339242687001657
ck_22c862a496008c96,0.99731419975893
ck_527550dd15f38782,0.014702044415175069
ck_b3ab3c210e2c7c19,0.00737043689689038
ck_ed9c56fdb9f45ddc,0.1796710095751205
ck_b53281da70defcfa,0.008667011755473944
ck_03009b721568ee98,0.0012521452586620365
ck_3d9afd862b3f4053,0.20622567061158525
ck_ad3c4be96599554a,0.0011677388040857324
ck_d1c787c27d50af49,0.011223603921948362
ck_c7a9c7b2eef46a99,0.0003026891117820857
ck_53036d3c6c74446c,0.031189119859243674
ck_1b1efbd9c0964c8d,0.03164457437773912
ck_d66f42a269d5c1ed,0.004856491138794386
ck_fefc49a2b8ad993e,0.0033709001717518528
ck_8b3b874249adece9,0.015099760518633149
ck_193d9c87ad3f1dad,0.0003276065358535172
ck_0c6a50d747593b7b,0.007550670366858264
ck_c830f3830875b47a,0.006029391171916405
ck_79e202f06d8dfe42,0.04625080132038932
ck_5c0fe988b8aa7fcb,0.03477668953201235
ck_a8382d8345f21e1e,0.0006214333485821922
ck_8cb20053914692d0,0.009738636237425298
ck_1da2f69023ca4c13,0.0007482787002212344
ck_38abb60995114f8f,0.008388752703133632
ck_f5791fd8fd8fd191,0.0023525278438236838
ck_a4e6fc391b674335,0.9129663424218727
ck_bd771efb4a7e15d0,0.002367029335501596
ck_38ba4a6b6a292054,0.0444698927328086
ck_f7a07283345a0dce,0.00027793951462085873
ck_87dc484baaf5a23a,0.00018984442797256244
ck_c84ef83489badbfd,0.010928720980509982
ck_a397cd64ec5d644b,0.0012276943099998887
ck_7977135c2ff61e92,0.00258490465463205
ck_52174855b243a8b0,0.023785487435364815
ck_0f35e930d0614613,0.9997242206598518
ck_b170a7db522a0d6f,0.0009134816245761953
ck_7af748a23775bd54,0.16340249179963887
ck_52f641c9ee6fda70,0.0012251779673117416
ck_c3719a30414bbb4d,0.017254285630963356
ck_2baf214ad6bc0dbf,0.04653852267501104
ck_8b39d8aacfdd72b4,0.0012925679113088896
ck_d39b0152116203be,0.013516552359613928
ck_ed33f8a937f9c7c8,0.0035651101894827336
ck_8ef97b55a5fd6ec9,0.00020311264575946557
ck_8247f008a14bd1a2,0.0009912892842295054
ck_f0d349d68249d5db,0.0006559689375645683
ck_a544e766540861fc,0.06048170927227618
ck_9dfaca4c7c80b10d,0.08385799699427679
ck_7e5401c362b2216a,0.0003367178266665752
ck_64ff60c073fdb6db,0.010160905313522197
ck_fc5ea49518e5d637,0.000734739816195828
ck_580f136ced341298,0.00048495679473799827
ck_9cbef9bc95449dca,0.0005466706492093139
ck_e475a3b8ba870a7e,0.0041197464435388876
ck_97e94708bcf43563,0.0038369284918908604
ck_13f03ec785cbdae1,4.850744996358644e-05
ck_152820d8817f478c,0.0020386253238845247
ck_d20d4ba60eec9945,0.007655836398803077
ck_5c45968a805132e0,0.013863709101060629
ck_bebea2cf3063fb24,0.0021167278249291264
ck_c3c69aefe7ea1d2f,0.005959192632702575
ck_02028b72f26fe855,0.012616966122757738
ck_dfadff70a58a9133,0.0015086791556696004
ck_6482ed4491bedcaf,0.0017362470164717886
ck_754cd7b4a5ae3f94,0.008898645022179495
ck_3132857aec8485bc,0.0001323717986018047
ck_7ce4ca91b8f9f1c1,0.0028027099597102536
ck_41938582f4351772,0.00440154632025766
ck_f87d66946252476c,0.03951789298184301
ck_8053f1879a9b4e43,0.000670612865577996
ck_93892e91387f5103,0.003525533395221294
ck_15254db133b28371,0.002238351479377229
ck_d557b9feb241b3ec,0.00025991265319261914
ck_71c3a8e4c12c989f,0.001311861141203035
ck_80e3041811033443,0.014820489792860514
ck_3380d60067b4634b,0.0005506309908059906
ck_a9c2cdc758df8510,0.02118714111497249
ck_3c0031d7514da17b,0.025115752615458314
ck_18d214b1418be39d,0.0019467484431123945
ck_7ce768407fd48321,0.01210780199070921
ck_7a50abd42298133b,0.0027545651285908346
ck_2db10f987d137582,0.03996696971780263
ck_e077d004cd1d80ae,0.005431338708106285
ck_1cb6dc67f9a321b5,0.0002503245204758553
ck_b864f64101149c35,0.8922455790724226
ck_9bedf54df9418e4a,0.0052137615676922
ck_c47e32c47f0e6578,0.08635034740767832
ck_71f382d5e338daa3,0.003455371319673799
ck_14b4bf7be6ac2b61,0.008946850883365703
ck_5c87eea1cc07cc92,0.05850609309013673
ck_5f445182829ef342,0.03376427289439259
ck_a5d7311291caaa54,0.0020482789321396152
ck_b7df99aecef385e6,0.01778320667417321
ck_3327a0582407068b,0.003267432732736222
ck_08dba09fd7dab896,0.006008757138487364
ck_f4ec334be5266378,0.0013167210161699197
ck_240f7f894c5a86e7,0.000617633130852666
ck_a9d994554fc14a02,8.447112358530719e-05
ck_13648cbd306eee6d,0.0013186910205741443
ck_601edf9105b3c321,0.9985082160064147
ck_9527adac182abe57,0.8504490078357259
ck_4e0e80f5cc271bf7,0.0005212138202896862
ck_96a89e720176b389,0.0402056532587722
ck_63560eec94b76d2f,0.004335072546996103
ck_c9c99e5b19aeced8,0.00018692655895535834
ck_bc32655ee5ed643e,0.014878035199736822
ck_edccb5a93b741744,0.0028339647431758924
ck_f786cbc987b70930,0.0008255476599208405
ck_0e8f26536ccc8947,0.02957544434162273
ck_b87ef4b98cfcec4c,0.007642792700781745
ck_1a9235812de4b2c1,0.0048848262866421095
ck_d1ed88ea4211ba4d,0.0035577725506331973
ck_a4ddac49657a4450,0.013214427334745635
ck_d9ffca35188e49d8,0.00870229315472001
ck_3db73bbe03c3d240,0.0003370550709917793
ck_fffa0622344a36ab,0.0001629042120060337
ck_148c28df51bba5e9,0.9868146299862713
ck_076cbc25c8f15fc3,0.9756119002388328
ck_e5ca550b39ed45bf,0.9684819098229849
ck_8dacf3a2061ca17d,0.005048952384378663
ck_2d7394afd61643d0,0.0023161043805873032
ck_e42206e91f6a1752,2.815421945565464e-05
ck_2f4f94827984c426,0.0006772271364090638
ck_edfe8e90e8f4366e,0.0019328282441704136
ck_646b15f753e5e9c6,0.03346365024545542
ck_66600620149c8799,0.005359431765893321
ck_4ff6fc70bccfba96,0.782467833975047
ck_41af3729590c2484,0.0022877770280599627
ck_920a48ba8c583e96,0.00047278141617529873
ck_0253b3e7be021306,0.00044049208529598865
ck_2ae6949246ea2648,0.00307463830789594
ck_db23a5100f338d72,0.002391058028360905
ck_fcb2a559474c3493,0.003455999613772065
ck_0a4d7acd2a53cbbd,0.0012304496127807905
ck_c5d62b2b7a6f3bac,0.998595794321979
ck_cf59f4fc0ea690b2,0.0007238739615733077
ck_837be8126bb19250,0.0008733484191699237
ck_58955542edee1adc,0.0005422641484508818
ck_1b93381d8eea58d1,0.001144267845327825
ck_97b8e05d62abdc14,0.003974174862956271
ck_71a0d645744302a3,0.0016776553971040071
ck_a7b57882ab66b111,0.00023168277177680678
ck_65f76421be648549,0.0010227827048201754
ck_b53ea8713d32ca7c,0.001958120332067515
ck_991c4c924a1d85ff,0.9934675844142516
ck_8432ccec1a4ec7fd,0.9889904852670105
ck_64c1633297f43788,0.0002982517713286206
ck_4291fd9c1161d8e1,0.004871871862637265
ck_5e98ed6391d9f429,0.020132416849153345
ck_c7baebe4549fdbb4,0.037335981299650385
ck_6e67225ba59fa5ae,0.022207358109946347
ck_719602def4d35fe0,0.009195735157668741
ck_bdee7c86f5ebe81f,0.006131129490518766
ck_8de38f8c7f91961f,0.041350647289431934
ck_b0b5bf9254700402,0.004968719786281855
ck_7b55d9bb1a250d4f,0.013931194312691294
ck_3954b7b0fd1d6614,0.00015613806493942152
ck_f29471fe7c818d6a,0.003555720530637476
ck_9e65a8a2f587691a,0.006387288448894099
ck_eaec5f1a83b66eb0,0.3419928694866574
ck_004fe0daecbe2c1a,0.9373340283518006
ck_d17653a4a2d4a79e,0.005834081802525315
ck_0dd417fcbf19e424,0.006125295213488843
ck_4c99a6eadea143e2,0.03086817467843776
ck_74d602c907ee9119,0.0012350452462041122
ck_1aa87cb62acc0ac6,0.0013993726166139264
ck_094974d75e29fb2f,0.006227325933172717
ck_5ef935ac3d4d3332,0.012018813604249522
ck_b26e4ae47c9107ed,0.6620313282784865
ck_396cea6f95186ad2,0.005941117605830633
ck_48446a9e8184c7d4,0.0004937529064063496
ck_31e1ede23247d56b,0.013619347641833184
ck_7afefa349b960a3e,0.006987493245628795
ck_f5e02a3432571b20,0.014208601725237868
ck_64eefec062592c43,0.003615654437035374
ck_a1201284122c141f,0.021064760049469035
ck_1b34c420a4c85a95,0.003075357380107775
ck_d637a011332ba67a,0.0055998124367218505
ck_99c0004d8b7079f8,0.0009208037811326631
ck_948517bad569b40f,0.050755942767505405
ck_a28d6b1601b472a6,0.004503061486006573
ck_a0b4209feb31f5c0,0.9993757116929165
ck_d6d2c1f6dfc455b6,0.7482336176663669
ck_3f9e6d356d3dd3cf,0.0006658301996590748
ck_d08e00c842b75176,0.0007962223410977317
ck_bfdd232a7c5f2660,0.00245554752661863
ck_2cdad03ed069438c,0.06120553432164964
ck_42317c3eabd0a285,0.9303774437681553
ck_3eb73e56751c704d,0.02137094387981711
ck_ef33c04f4c9e3758,0.008586701673535011
ck_1dc23dc870f1773d,0.002182597745142613
ck_76091f357974a152,0.005441484153633147
ck_4d9eb75e8eee90fd,0.006900532694050214
ck_578f67e69e5d2cfd,0.015184744588073756
ck_3a8ce1cc724229b8,0.0003047838497551408
ck_a96887f841e80fc1,0.012121272219458981
ck_d2d4a8f4a9f2c33f,0.004531625676894169
ck_11f85bc705dbe036,0.01899248157389003
ck_7429b3f87528e335,0.0017311275991781408
ck_26df74feac7ec51d,0.004754444266849918
ck_c78b2638fadd91ab,0.013642953746395115
ck_7eaad325abe3b50c,0.0005909980481821772
ck_fd44e34af620e606,0.004596256166580286
ck_f99738dff854e25f,0.00037893738212031047
ck_1ffbce3a239bb264,0.0016831416974961895
ck_96c7d52ba0a766ef,0.038847838739277565
ck_cb1c00c300af3f9e,0.03881201196301427
ck_ec3d12848ced99f2,0.005366371025651645
ck_26cfd7c3c6c7bf69,0.0025179670412554473
ck_7ae86b5a885affc3,0.002909157436339952
ck_3edaa94d28cd48ea,0.001321329362430801
ck_3209c530c9812e39,0.000980728407370622
ck_ea62ebfc1f04b49a,0.0014277035506530822
ck_5fc90b4668ea81bf,0.005638813193356968
ck_95654593cdebd141,0.00045577547769145037
ck_958c0bd61820147f,0.008093573179256172
ck_8440ef1386c07194,0.00490791673214552
ck_8cd1b68dd74b1375,0.09890691117087277
ck_c9eb4df91ff07f2c,0.002155350395936408
ck_c29489366c01fe65,0.99829384255064
ck_c965fd6bec0f0ecd,0.006337155265915005
ck_84c402b23766e1f2,0.011081353402497
ck_181f3dae03b87136,0.016471270295516503
ck_022a8ae79eb28cf6,0.9810281037953985
ck_469c17407d17b706,0.011259830697383583
ck_1fcc5843f39148a9,0.001946428182893653
ck_5debd55f361b2ddf,0.0011165259818504466
ck_28cb9b03e89263f1,0.00017454559278484098
ck_f067470743d3c7a2,0.016200768146571804
ck_d5d225ce41a1a762,0.004910005021543347
ck_15b4840922195ffd,0.004387240622400726
ck_6bcfa37c717f19f1,0.008928737488098113
ck_8d501a0386c66be8,0.03379988140702752
ck_1a9d6190c57ea7e2,0.3134584526803253
ck_c49832eabdac5bb7,0.00021971215427283547
ck_b4331140b2e0d4aa,0.0021316220615837074
ck_5efbea1befdefe1b,0.02576892985069491
ck_72ff52c4824072ce,0.0012901190900680257
ck_ec3715add8bbb6e9,0.00032610683045899313
ck_9822f8ed05335741,0.005830484773755229
ck_c3d7d3d12a1981a3,0.0016320622285211292
ck_a115a7919ac5875a,0.019019853891541764
ck_4dd4ed23e0b927b7,0.17656906348284276
ck_4c76efcc1ee6762d,0.007028618915188493
ck_3ad6e7bf452c9b21,0.00444695677929917
ck_dcbab304b55a42c7,0.004034658637693889
ck_24b53090faf722cf,0.003926589441351681
ck_187317383400491d,0.0014643620858266807
ck_e07fd57565c94c28,0.00414092989057078
ck_740e760fdcd27835,0.0004873063519243075
ck_d3796aebda1cfed5,0.9004652978751839
ck_e541967c681cb929,0.017221062951821218
ck_431118050b834dcb,0.0014295127487198203
ck_90f3655f0c8a0074,0.00027241507289789044
ck_13cd943777651aac,0.004015687244314758
ck_66accecabf3901c0,0.002994892162485828
ck_937f0da2306b2eb9,0.0008429398444874143
ck_105b0c93573fd5b7,0.9921340951129393
ck_00480407160e0743,0.000339780642152808
ck_e032068be7b77d15,0.008612056898757051
ck_991b7dfd69098320,0.0005001567137971751
ck_37d47cf0f34574a2,0.0001249371086589852
ck_011551a596544f5d,0.0023112316030508588
ck_9acd98f4fe2d474e,0.011784827171990354
ck_7c88d3d377bb61bb,0.013791528185350862
ck_e2374c7136c964fd,0.018440714656175246
ck_2fa8f2577116e9ca,0.02624706765659935
ck_d07c5b0321c685ea,0.0256277643708585
ck_bc736114a31088a7,0.0011337784763182104
ck_32bb42f9bff197f8,0.003554069058119248
ck_66267bbad1f1415f,0.9999458636900684
ck_19988702ccd79201,0.0033789798745139862
ck_f473a03fbcdbc4b0,0.0019242384860262245
ck_e3f1d85fa5d49396,0.003979875081588683
ck_c4402ea6291df271,0.007204127888416045
ck_243bd5ca8c4ae5d0,0.0018232007125859265
ck_f271e855925e8d6b,0.04567411406650155
ck_e424148c6f2223df,0.00115853040359273
ck_e4d0a9e1102a58b5,0.0023880823162815068
ck_91c2a5fe69b9b1d1,0.004453082151918883
ck_5fd8924732fe403e,0.9027174198642491
ck_9a881d5433126ada,0.002504736877758856
ck_73cab88b29c7845d,0.02283860406281542
ck_5b5dea6476d4e182,0.010972524840293974
ck_ccccb17d2ca6ce94,0.0257342019094401
ck_cd1dc68e441222b1,0.9651167193402991
ck_8312c49b1431a406,0.0008420073178626702
ck_25fea39897f2a559,0.0009650149112845379
ck_f56200205280bddf,0.005284219939608884
ck_7336611650dcc088,0.007030683661709854
ck_590716322ff147ae,0.012571363648097139
ck_c82364d87875a1a1,0.0030519035313693317
ck_fa4b60387d744fc5,0.0003710208329764195
ck_d841eba8906e9a15,0.00022884744051551134
ck_d6df562a79b9d0d9,0.001451905446153421
ck_59a14d2564193101,0.001968989536174948
ck_8530158e3d7f59e7,0.003151816320336207
ck_ac68d707006c12a8,0.006446308527798856
ck_976fac1bb3dd8c58,0.006211058552893024
ck_f854fba8f4adae3d,0.05815475475283819
ck_b98e9c3ec6e7d1e7,0.0014233874299824688
ck_803c0b4cf9d4bc1d,0.00419569835453112
ck_76997a33c3ea5107,0.00030684041787024937
ck_f1a9d832b700bda1,0.9987653176333661
ck_2bd96ddb8c323d63,0.9987464462157865
ck_9e5b7acf51b1b743,0.0010439848552904086
ck_09169f22194fd6aa,0.013817699771823278
ck_6d69e092f9b0848b,0.012435435777885574
ck_9f83fa5a2d3b9049,0.012340533175972803
ck_57bbb19eecb4b87c,0.0014698015849855335
ck_e0e9cfabb979f428,0.0022944517809453105
ck_b1ff9edc51d42f97,0.0008955737642679787
ck_4682fad271d47eb0,0.913786074273332
ck_ab33fb754c818ae3,0.008310760238096423
ck_b456f62b80e21557,0.00023492765017126362
ck_16340be3f2a7fffd,0.0006472117085640401
ck_ce66831f6611014c,0.004251272630217321
ck_4610a073bb54d1b1,0.04219737758157792
ck_fd038a7d33a9d6e5,0.0005930333999011551
ck_c8198cb4c461304f,0.012022847417428997
ck_1e7de58822000dea,0.0022109564079713954
ck_b2a79dd3df560f14,0.004460108905813571
ck_74a06f347b32347f,0.0013790299008944757
ck_c6fdb2972417c9bd,0.0035462784324584696
ck_d7607a213b800bfb,0.014398858297198839
ck_df65967b8b40319c,0.0001744371033073665
ck_329a73dbd585ee09,0.0026932558856756837
ck_74991a9e85c3b07d,0.002021424396881
ck_bb76609b79e0bc9f,0.0020131838465885675
ck_f7fc1bd0b9ab1fa4,0.0054866459392123226
ck_d111c98b36bdb791,0.0008313934897590906
ck_f07e27d125497b66,0.014455192939287223
ck_093e3a7134e11d6b,0.0007699689055298902
ck_862c7953bdea48b0,0.009067806769054417
ck_392cf2cdd515c34d,0.0019959352998792134
ck_80eb91b0b4001084,0.05864818281062854
ck_5923f53b77193a58,0.004842345962943818
ck_8049f5fce32be185,0.6354822702463122
ck_ebc5a2c6cf88e252,0.007988810072671156
ck_9ea5872f14cce338,0.003190243002309614
ck_f7fbc95ebf584379,0.0009024693932422471
ck_bafe82c870356706,0.9993311067464816
ck_278b36c5932d9bff,0.0005705930334151776
ck_6a892dd5d05c1649,0.0012312253009692028
ck_0734fd90b2cabd43,0.005063953944635501
ck_9b552204498b6762,0.009409493402086973
ck_f6c909c205767956,0.03838731265087155
ck_32f590e87bc3d715,6.294452299163094e-05
ck_66a8325f28be7562,0.009752149757613583
ck_b129261da9c3c3c9,0.0022907204556890767
ck_a524071c51ddde20,0.008129975118021623
ck_ba576d6d4cb6130b,0.0981715098089187
ck_8d8226520722af78,0.051467323566759836
ck_c5b0f0d4f1655a20,0.004205235370514286
ck_61814ae9b6d8eab1,0.00218999882809451
ck_382ebf136f7fa337,0.0555989907442032
ck_423ff4ede6a9f066,0.0020841263342163967
ck_546ad962d04b7de4,0.9987578312398501
ck_9473ea4a01c95f9a,0.02200564586729723
ck_9eb1da8cd35a50ce,0.0015803030623649597
ck_de5eaa2cdbcb67ff,0.08942932907971998
ck_537cc97d0398c922,0.044428861513902365
ck_998475a2e4dfad4e,0.0015416770295331738
ck_e62eb708d2688fae,0.004281262472049648
ck_ea623358f704daa7,0.1038144429700183
ck_b911a09f328dfd4b,0.0007453249088706592
ck_4b3506b624e5193c,0.019305961745786297
ck_448456f96788713b,0.01855008145153849
ck_5d5ef9e75f65d076,0.026618649748333407
ck_3b74512f774a6e5a,0.0013000245809632503
ck_a032e8ac1507c6df,0.9697214793300251
ck_7e2d6b22a0ae20c2,0.013319338461817895
ck_d80283209c963f11,0.0015800785995186595
ck_d1157eade2ac3975,0.001595242803439446
ck_be48f583f79427f7,0.01165041143906449
ck_0027b5d4107d65d8,0.0120422537062136
ck_94fff69584dd3b2a,0.0067718762628148094
ck_75fcda73f0b43557,0.001469993599401019
ck_a1c78972e4ee4082,0.0026174626295066153
ck_f0982bbdbd122f91,0.0040921942288135536
ck_3199b471575aeb3a,0.000212429910830091
ck_7fa947a0b1c1cf74,0.002122354159348275
ck_a60c618b7f0e4252,0.0004015959958404144
ck_722ac47c8ac9b6c3,0.3276810227551322
ck_d44dc3839a195c8a,0.008727519481983182
ck_a2c3e82fab520483,0.003968479059260161
ck_6f8ae0319c07cafe,0.00017705515894685122
ck_49886ff1e2c759d6,0.0073294564719090655
ck_150a1108f936e6b0,0.0011683828652157527
ck_e21f9f96f597695b,0.003198360154770475
ck_7297bff2b7fdcbc8,0.0004936766364088957
ck_ee949c71f4f702eb,0.9833004704657224
ck_6fc37dea4b4f35c6,0.030644555494570465
ck_e76257caa98dc25d,0.9373200394401213
ck_828eef2334e17b3a,0.00514167793207488
ck_604e1b8a8c693aa7,0.0027284879820202493
ck_7743c9fe037d1f9e,0.0009812660845514346
ck_864a11202e19e812,0.12399974863418121
ck_4ec040b9e3785e4a,0.00041046418472314155
ck_7346e4f820d9c00a,0.897839046888833
ck_48d4d63beb26b623,0.002909441935451746
ck_c423aa6de3ed1e01,0.0007870697693800786
ck_d74b2ead8aaa3f73,0.005621109309525003
ck_1dd69a11daa7bf1a,0.007024753866175187
ck_d9143e236eef177f,0.00400690924336146
ck_f790d91e5ff0eccd,0.42335703667928737
ck_69b5620e00ef5dec,6.846761303076354e-05
ck_cd32e58e8a1c0e85,0.007080493408875138
ck_064013b0957d87a5,0.9993958784678059
ck_a481385c2e60dc4a,9.927483832767862e-05
ck_d72035cb29db3aa4,0.003580110932659547
ck_3759939a0205306d,0.0017038767963935373
ck_f437a53fc832ec95,0.9493474607330411
ck_260ef2f3e6434819,0.026150055988598403
ck_35e411b05d22f663,0.010771200218227693
ck_8bf46e472f3e20de,0.016677561477711562
ck_d546994fc5d3e9d1,0.0019094406436519283
ck_6ff0fc7487e737e7,0.11404905838334793
ck_5c67f27816ae0b6f,0.0009002733660479082
ck_c5517923458106ae,0.002523705263361236
ck_d9735647a6b0b0a7,0.5144100731930648
ck_541a734fc457246f,0.0054100400153886605
ck_2f6a639468f41043,0.0008134261841821142
ck_bea2cf7a6b7bb900,0.0004029459663275478
ck_7eebd0e6ad6c070e,0.0020776259985446546
ck_b64c87d5e3b10e6a,0.9193887668825249
ck_9dd7daacb7833233,0.003846963173014946
ck_396e9ea9a6c6d7d9,0.05448286724401513
ck_1645e6cc53fa99ff,0.002634365597735672
ck_ea2a83ccb8d57490,0.0008945812868809721
ck_e64f0df63e1be595,0.029504513026574457
ck_fa0b234481cb57d3,0.010302867509677929
ck_63379e3c9fe6f711,0.004996503275821464
ck_c67f7944896a0310,0.015420939977884513
ck_c10e54c9db29e6ef,0.9965039800551618
ck_7184ad7709ae4c80,0.0046535630746611135
ck_f8b6069d7577fde6,0.0007505891423636947
ck_18444be153bac1ca,0.8904414151038234
ck_d0982b4e0e118e4d,0.0027745450977356414
ck_6faf3e6820398866,0.016270169091476248
ck_97e980463aca4644,0.0009842281298118407
ck_630c835243c66b19,0.9981464513217968
ck_fe429ba3e1aa0e4f,0.001981226451654275
ck_1058129ed7b48c59,0.005459668577307733
ck_04a1a46f07885296,0.008995435182993294
ck_f01e94331067edf6,0.0035948327940010646
ck_77b2fb17c29f5e72,0.003181771711756382
ck_4f0c5857da45fb28,0.007588731684943721
ck_2cfb9a7775e8a5bc,0.9950589489622915
ck_6846100e43659bf3,0.0010546720539352382
ck_f89719a854fe11d7,0.03123410404400846
ck_bf47375e41ca3bc0,0.0003799379521032375
ck_2770b0400a7bef08,0.02736567815167925
ck_2a09d142de1c77ff,0.005626537411684481
ck_857a1f5547b9ad68,0.004932322236372943
ck_185f15b1523bbcf4,0.0010012949318700685
ck_ab2aed614ec1cdf8,0.012299171127727104
ck_a9e7f3b2d5dfd97b,0.004038899076004302
ck_0eeb3d9b3e697edb,0.0026818562696132517
ck_fa5830d81bc8ddc1,0.0006615245374549745
ck_231ae0329ebc3220,0.0019172859323083164
ck_1587763dd54688c9,0.0036415531614447114
ck_9f85fea4490c00cf,0.004594427423688759
ck_a2d709e7eb91e4af,0.03780077530727359
ck_43637d28c7216453,0.0016985137593920944
ck_f3ab5dd853d38252,0.006178166355208503
ck_4a1f0172d3bf4fd3,0.0014475790546884814
ck_517620ca16505af0,0.0007259922395316278
ck_9ae904fbef56065c,0.0006191952700837939
ck_d5ef1f6e34bb35b8,0.025643910401484882
ck_ff42557857ae3aeb,0.0002986765013125648
ck_ad9a18f58589faa7,0.002115537335500546
ck_df1a6edaa3e6b271,0.002734084602270724
ck_99021fe7225b5a68,0.01163704876956534
ck_99e52c3c2530b69e,0.9993788986789045
ck_3a4811dc4a1a891d,0.0017681546668951303
ck_ba3a6be026c87079,0.0012272065037171403
ck_da6d1e5cf6aba6fd,0.00028387399099016
ck_ddc7c1f3d45fe6e6,0.007263380309958692
ck_e1b1e7a7e4a15b3e,0.002230962210819174
ck_8288f7f226e08b89,0.005641107419795963
ck_c4524993ec31dbe5,0.002676376687880704
ck_8b19bb5b23b6741c,0.007494630259030624
ck_d21b38231a8a9f4a,0.023436029599183828
ck_3f730318a9792292,0.005141577007394643
ck_a4db6e94a8f77f9d,0.02614949202404766
ck_a8cac8d480306839,0.00034715659037955996
ck_5472214011fbc2a7,0.002011620934057295
ck_7356f47dbbbe7904,0.0023419437020754386
ck_16801e628e883d78,0.002856367279568639
ck_0dc1e536231c4860,0.008483557547632452
ck_7cd0634a6e60af83,0.002991038930848718
ck_ef6f8e048ae1bd4b,0.002168054437152054
ck_82f3f744209888ac,0.024539706058407183
ck_f33188c232a03526,0.046047852634922615
ck_4a59f4e10bf45d7f,0.0003660029927389894
ck_d96c893721385e4e,0.0005392804072512652
ck_f65ab819373edb37,0.005183970910074755
ck_21cac21fc10b7768,0.0018357689056007133
ck_139b54e6ccbdd7da,0.030896409905206656
ck_d6f5c8741697abb3,0.009538066027951153
ck_a28d9bb5590d458f,0.031973698717121406
ck_ed26d906883bea0a,0.0006220078479494088
ck_227602ad072b838b,0.0006242879742464049
ck_39d5f6c17c745ab1,0.00027124685693073866
ck_744eade757ba69b5,0.008615851379915164
ck_c1295d97cdf35ec2,5.736360277408337e-05
ck_69105f881da3c821,0.0008095928111634691
ck_933789b55361d7c1,0.6433957112474927
ck_b667952253503174,0.0017687050954839495
ck_7bf668e25abeeb05,0.001953470063664031
ck_91742711dfdffd56,0.006723621371653282
ck_af32a0660090dd68,0.007896025971922608
ck_2122f201e65f76ee,0.002855077765879999
ck_f48acb73a5d6af07,0.020364751795648776
ck_337c5684510cf432,0.01810555606253176
ck_f7bde7265053364d,0.002687854389321882
ck_c190c7b924edba75,0.05541529399870794
ck_044fa3b3a003f0b5,0.004361511437012459
ck_87eb43e3b9d96169,0.04619781081790784
ck_2d3d6c9364362017,0.0003614513340977659
ck_ac55dc6cbcdf8228,0.0018287065796615653
ck_61d7b0568ec5d6cf,0.023260028440231156
ck_89c74feeaffa7d09,0.0006738501400205389
ck_93776b0c113f41f0,0.10531696911394206
ck_15e0b679931f7a8d,0.0031140369447175214
ck_77b56c49cfdb1d81,0.1486935169372335
ck_73188a826b5f499f,0.007054107752719294
ck_4f463ef25325ddfa,0.6762237292024958
ck_863db2e394dc47d1,0.9889659742431279
ck_d52432ed597f3cc9,0.0012165429811584996
ck_04fb61e5739642f8,0.17039196973337467
ck_2e481d75d110c06d,0.10617305097943967
ck_3fa1a523d77cd619,0.00546358851720773
ck_466dc6274fecd708,0.00042760834390034527
ck_e1790b3aa2241b10,0.9890754975522684
ck_84ad096a46e1a960,0.017778867761183374
ck_3be72c9c178fa00d,0.013021269213802783
ck_5a17c89219d1d9fe,0.0048474510898559395
ck_4f639f4ee6ce8d9e,0.022533071631205513
ck_f4ec4a935e51b4db,0.01413307972538988
ck_f04040a830f92bac,0.005337013652966167
ck_3e4d02a04be2aaf8,0.0019219946773216146
ck_4d1baef193cfb900,0.012974261964585435
ck_0fb3153d37626b75,0.00015424161739739734
ck_88ec57a11b11f702,0.9741800903306412
ck_dca9dc465f759db4,0.0001741424322478451
ck_64f5fba6af67e024,0.0026353984657214386
ck_896096cb167254ef,0.01529341527109783
ck_7878679065876b98,0.00795127955617838
ck_fe8e5a6c880ceb4e,0.00399156765080808
ck_a5e036327d3d1862,0.0001270341612295219
ck_310f73940fc4cf4f,0.009025968320606067
ck_46a8db16ad00b749,0.0017900171569686675
ck_0d33977c3de8cfaf,0.9992606233661953
ck_c6fff412f531db0f,9.94169877658288e-05
ck_bac6dadf428eaea9,0.0031674548077934767
ck_1b96d9af0d7da2d5,0.003433382632508846
ck_fa8a4a9e77799fcc,0.0006863887939560643
ck_0bf48607a874b4d1,0.0013616003577134825
ck_eeb75f8a6439f65e,0.013363893665653406
ck_a209a5f7d172125e,0.005148449191759632
ck_8f346b72fb40bf14,0.0012198190476720276
ck_bccbf9fef367f00f,0.007603266838276342
ck_2d1548f1ee405cc9,0.017961347883241156
ck_e8298ff2dc1e9d50,0.0009590174535663279
ck_77c0fb524edb4a94,0.0036559555606238683
ck_28ac4c5134cb8e77,0.005447089845739563
ck_db23a0e3e54be60c,0.7999764438261867
ck_a059d00cee5cee99,0.0007934342158622653
ck_3e9e3bba8bd363af,0.0010682299540115813
ck_0428728df24cdab4,0.001879359726336026
ck_88cd35378075c84f,0.0004739419020889543
ck_0174d76398d9dc0f,0.02109673397423999
ck_3f1287e6c27de0dc,0.0038334819987818416
ck_ff822700f3605e06,0.9991694004693453
ck_4563227b2038ae07,0.01927301000983023
ck_788e78065526ee19,0.011235042156954594
ck_8a16eb584093b12f,0.0007073689326648465
ck_cc276f71ab6c08fd,0.028624973409094832
ck_d61d97b21002f3e9,0.00611947649628123
ck_4b2e87d86a5e415c,0.02465418330556126
ck_3e6f35e4500d2f2a,0.0003249432810195368
ck_3acdb083e0d8ad61,0.0005159863868446637
ck_cd655202db489010,0.0005815636623498612
ck_829cbf5ccda481ae,0.0007734398937134434
ck_f5882e6f98b8b4cd,0.0003654086920074833
ck_767947540b234add,0.007386081655864697
ck_a6e8e8f535b1f1d1,0.007053221451462017
ck_58412a2674fea506,0.012837775684622776
ck_fae7e518a585fa61,0.007013202876853213
ck_9c60ae6958d68dbd,0.04161864188269469
ck_328696b8f5e54ec6,0.04735598005743721
ck_7df3f8f4f1068d62,0.00048637324154701174
ck_cfadd21458230ef7,0.0016006694146817435
ck_7048bedd554c703b,0.0009680360104433213
ck_50422466f145bfd7,0.00032110165550595075
ck_61e1f7168cd9ff25,0.017539070650976492
ck_733aff0f56f5b3c9,0.013310631234616043
ck_e14892e424180549,0.0006700538596150668
ck_03f6664a96de7d0f,0.00820468423892531
ck_b7f4baa2cc82fe61,0.0027560731175610277
ck_1e51199a075ca0fa,0.0011532772091038571
ck_0e70516fa07cfb17,0.9862089940371573
ck_0f37c554a5057801,0.5649844049040188
ck_5576b725de38d106,0.01387623407353097
ck_82f360df1e9f4eb8,0.016394499875506854
ck_395f3bd4aacd7ca6,0.008749817090707834
ck_5e8e857b63966609,0.024140463700831456
ck_93470896f0804b6b,0.9192640786011308
ck_3be854e42e76569a,0.0019310120223518083
ck_0567302c57a2417e,0.016631143963576078
ck_ee535461b5f05539,0.9519361276940324
ck_94a096c36162a153,0.003802074265730403
ck_dfc8f5c141fd7c63,0.008417350619844517
ck_98b34f2d704c1c2a,0.008268711305330773
ck_96dff7a09d45f116,0.009241434905641622
ck_79557434c129ba52,0.005115345556393286
ck_4596624a7c01d501,0.004664970475645633
ck_04e89fbd739243fa,0.010416134084888215
ck_6149ffaf18872dc8,0.0004773551176074912
ck_cd78f0832a09bd8f,0.8873623700998599
ck_7e29c10d781c3b41,0.0033595206944232723
ck_1f7ee7b23fc6f2f4,0.002198171327651646
ck_c49b685d2b3ab89a,0.00017053777577544793
ck_84569a8fc50e73ac,0.004187635905215014
ck_b92b11d205af91eb,0.00014261132929401752
ck_06280e6d6d2485b0,0.0038603827663160318
ck_3c08546dd0c92863,0.008252975465748361
ck_99d3983f907828bf,0.001256462779029208
ck_eccfd552aa652d3c,0.006767185401416876
ck_0cff8153881875ba,0.0044912494602083125
ck_c1aebbeca6ab5ff9,0.0028864575307594896
ck_538fdbbb3c2bcbbb,0.015980043452882647
ck_8c0210322733c718,0.0009899146992713955
ck_0b0c93039f987abc,0.003009939456099456
ck_6d07d6d1bd227d37,0.14182808800502084
ck_9b6ee35e8cd0b11c,0.0009430704401624946
ck_d838491d3d4f5ecf,0.006085449150400027
ck_0593ae243a9ebee9,0.008555783463352961
ck_ef261fc09be8eb0b,0.0003549799835401305
ck_d0935b571a4a3868,0.007267142126029899
ck_97d04a67a104af39,0.05663650618878981
ck_e25f70d0b7229420,0.0036464785813918946
ck_9b71274ff83de482,0.7631153631051294
ck_6de2aa2bb60978d3,0.009185592644839275
ck_eda55c8fb47593d7,0.002031071335746232
ck_924e572517515f19,0.9663226309269032
ck_d6f27eacbad310f4,0.001202174351757221
ck_8550f229b5eb03ab,0.0007525788957648422
ck_e3e95546a84d0ed8,0.009958616189039109
ck_3135c019696ee6af,0.9936058818017415
ck_41ba315d8fccb559,0.0014317876393110784
ck_72b86e4485da2d0f,0.9982064313674543
ck_daaa995f3c2f0e47,0.021731816982651277
ck_053746067839696b,0.003399784779289543
ck_a15fe7d0f4b65c33,0.8838163478470135
ck_15de11438732bb05,0.0049638476408504825
ck_2c4d25acbe3fabd9,0.0006261917893346215
ck_7f08078908599bd2,0.02853514136102097
ck_e794741742fb2619,0.005408422829403617
ck_238e53b6dee8c301,0.00029016924447517817
ck_53a6a33060d5c8b8,0.0020208783675966196
ck_0e0919292ad33472,0.9862116920188185
ck_d86ccf148c06c8c8,0.06489192007278916
ck_c881f26c9bf9ae42,0.25410680353024917
ck_4b0947bf94e9d847,0.017055524190744763
ck_e10ff5c38bd18470,0.006484894351486674
ck_b60de9e97aad9e45,0.994269149169561
ck_190bc849e5ff5401,0.01394572631201158
ck_e7be077aa0b2632c,0.0006949112505660859
ck_a51abde881ebeff3,0.0035114899090772597
ck_2208392a9f6bd249,0.008471092066737315
ck_0259da8f109017e9,0.0011692255609028685
ck_05e01ab9c95449da,0.004479404466603656
ck_c82897ebffb6ae66,0.0021512640687829485
ck_b4a6bb4689cd7cfa,0.008504606272847185
ck_9e21ea33018ce538,0.006646445513258157
ck_caa348f0e65db062,0.9987127332740856
ck_a964e6b5d8415334,0.2668785531663271
ck_510bfbbee37ff436,0.0024786163063205153
ck_9741a82faf5c7889,0.03391255387257775
ck_e7f61b4a39ba98ac,0.000952840547616253
ck_069d158665a53909,0.00155787078985238
ck_6426427efe3228af,0.007877954069162847
ck_ab4a8d02ec3c0fd7,7.279735397014683e-05
ck_aefa0d8d933e0eca,0.003909737757972961
ck_232325ef6bce92f1,0.0026349731736598756
ck_14e58c3fb26a2b4d,0.014761318543470712
ck_06e73afdec26aecc,0.05186567702350101
ck_3168f4f2778d64e1,0.007141518904846886
ck_ff3998d6858daa21,0.00032498353450431856
ck_bccff46fb0868454,0.02187281584319021
ck_c7d444d90fa86d7c,0.07902359351759931
ck_f0bc3bdee6bfbb94,0.014689829966532526
ck_f7112818a6d81422,0.023072164122788598
ck_aca35dbcb835ad02,0.01801608694509809
ck_f637fabf0f60528f,0.02712007377946383
ck_53d17ab97de1ac3e,0.0014364961224717693
ck_c8c1bf16d9113493,0.02371011771633646
ck_e842fb0cf055a83b,0.018007187381658497
ck_93c0cb3dac4891fe,0.004234922936256645
ck_0c1f088e17e46daf,0.039849898174278274
ck_8f4b384955bf57c9,0.005702189514968704
ck_09cd5c4df1e81ac2,0.6664383265485144
ck_1e832a5b2342554f,0.021559943171167845
ck_2cb763a881aee27f,0.00016211964235013655
ck_5875828b11406398,0.00404649461571421
ck_48e84b0cb0b90fa7,0.005803089531831945
ck_833688de8629c5c0,0.0009060679042412452
ck_117d78ccd5820f36,0.0034965377696866535
ck_668ec61c4c39cae3,0.00018063736154508593
ck_73a7794b659d7a34,0.001035240154897601
ck_10f90d879209734f,0.0008714237015039832
ck_d1d079913aa158bf,0.0006677048433280353
ck_01c631b38e8a9535,0.0009592751799683896
ck_f6923088c17a04e2,0.0316998185656977
ck_b447badc9138987d,0.0004059134038193423
ck_8b772caed8f1541c,0.001131348167968965
ck_5403c76fe68a08ba,0.33483125682196746
ck_3e6833574edf1736,0.001990649089502596
ck_e527fbb9450a4581,0.7496729123785101
ck_cc90e219f1ebf390,4.371976599542723e-05
